month,avg_alive,avg_deaths,avg_births,avg_males,avg_females,avg_mature,avg_pregnant,std_alive
0,10000.00,540.09,0.00,5004.63,4995.37,10000.00,0.00,0.00
1,9459.91,506.74,1043.57,4735.37,4724.54,9459.91,231.88,22.88
2,9996.74,739.29,1961.94,5003.44,4993.30,8953.17,436.27,79.68
3,11219.39,1125.34,1853.27,5612.94,5606.45,8469.74,411.64,150.60
4,11947.32,1393.83,1753.85,5976.78,5970.54,8014.80,389.66,188.04
5,12307.34,1559.14,2483.14,6157.71,6149.63,7582.70,552.58,219.75
6,13231.34,1864.83,3145.93,6621.18,6610.16,7176.79,700.07,222.84
7,14512.44,2249.30,3884.42,7260.20,7252.24,6948.96,863.25,239.63
8,16147.56,2718.24,4757.33,8080.80,8066.76,6900.10,1056.60,288.23
9,18186.65,3285.26,5473.94,9092.59,9094.06,6836.91,1216.35,327.04
10,20375.33,3879.16,6089.61,10193.19,10182.14,6713.76,1353.12,387.55
11,22585.78,4476.54,6705.62,11294.43,11291.35,6667.78,1490.50,419.07
12,24814.86,5072.25,7348.37,12409.94,12404.92,6706.46,1635.17,464.28
13,27090.98,5679.49,7033.78,13540.11,13550.87,6842.82,1563.93,479.80
14,28445.27,6063.13,6864.67,14223.86,14221.41,7075.26,1525.88,514.16
15,29246.81,6310.32,7225.90,14624.26,14622.55,7367.90,1605.61,530.31
16,30162.39,6579.35,7601.27,15075.97,15086.42,7686.37,1688.89,543.72
17,31184.31,6874.41,7652.86,15580.15,15604.16,8014.28,1701.93,553.02
18,31962.76,7101.79,7736.93,15975.33,15987.43,8367.47,1718.70,598.89
19,32597.90,7285.99,7714.19,16296.23,16301.67,8584.94,1716.14,632.04
20,33026.10,7429.24,7583.85,16521.52,16504.58,8672.64,1686.24,651.96
21,33180.71,7499.29,7455.32,16599.97,16580.74,8749.11,1655.45,716.21
22,33136.74,7529.30,7356.81,16568.14,16568.60,8849.52,1634.66,733.22
23,32964.25,7510.54,7299.19,16484.29,16479.96,8917.05,1620.53,746.16
24,32752.90,7488.93,7207.90,16381.05,16371.85,8968.34,1600.09,728.76
25,32471.87,7450.74,7376.47,16237.79,16234.08,8983.64,1639.51,733.71
26,32397.60,7459.36,7408.30,16203.93,16193.67,8938.45,1645.88,748.96
27,32346.54,7468.54,7410.90,16175.40,16171.14,8854.98,1646.63,801.11
28,32288.90,7487.73,7371.52,16149.76,16139.14,8738.51,1638.18,819.98
29,32172.69,7471.70,7337.10,16075.40,16097.29,8609.53,1630.65,873.26
30,32038.09,7465.12,7266.19,16013.79,16024.30,8480.31,1613.84,861.86
31,31839.16,7423.72,7204.63,15924.77,15914.39,8374.52,1601.34,860.35
32,31620.07,7391.76,7200.50,15815.15,15804.92,8290.50,1599.13,852.37
33,31428.81,7367.57,7203.57,15724.15,15704.66,8222.03,1600.91,859.89
34,31264.81,7324.79,7191.07,15642.07,15622.74,8150.21,1599.69,843.87
35,31131.09,7312.77,7194.24,15574.45,15556.64,8071.18,1597.09,888.99
36,31012.56,7308.12,7152.66,15515.93,15496.63,7979.32,1588.66,898.90
37,30857.10,7284.26,7080.47,15436.20,15420.90,7875.81,1575.02,922.04
38,30653.31,7242.48,7045.70,15340.09,15313.22,7778.98,1564.56,940.81
39,30456.53,7207.49,7005.73,15237.13,15219.40,7692.32,1555.37,940.89
40,30254.77,7195.34,6991.57,15140.10,15114.67,7617.74,1552.61,952.39
41,30051.00,7146.60,6996.22,15036.25,15014.75,7540.82,1553.77,971.08
42,29900.62,7101.96,6940.92,14958.53,14942.09,7468.99,1542.65,958.16
43,29739.58,7091.51,6926.31,14876.30,14863.28,7390.85,1539.19,945.85
44,29574.38,7049.89,6882.84,14789.54,14784.84,7314.29,1529.59,960.22
45,29407.33,7003.15,6850.81,14709.84,14697.49,7229.13,1521.99,982.11
46,29254.99,6991.17,6784.04,14627.63,14627.36,7160.40,1508.10,976.38
47,29047.86,6943.65,6774.75,14517.78,14530.08,7095.86,1505.43,964.05
48,28878.96,6928.20,6733.25,14423.76,14455.20,7031.16,1496.68,978.70
49,28684.01,6879.14,6683.47,14339.60,14344.41,6963.54,1484.72,996.65
50,28488.34,6837.63,6668.58,14245.10,14243.24,6901.92,1482.21,1008.29
51,28319.29,6811.58,6623.85,14164.50,14154.79,6852.90,1471.26,1003.55
52,28131.56,6750.18,6615.91,14070.64,14060.92,6784.96,1469.71,994.46
53,27997.29,6730.67,6586.88,13999.83,13997.46,6722.61,1462.66,985.01
54,27853.50,6705.50,6557.21,13923.07,13930.43,6656.37,1456.62,999.16
55,27705.21,6671.72,6512.73,13858.87,13846.34,6603.61,1447.29,999.59
56,27546.22,6639.94,6444.34,13778.84,13767.38,6552.87,1433.73,987.14
57,27350.62,6585.75,6411.93,13685.81,13664.81,6485.14,1425.38,997.07
58,27176.80,6544.77,6405.16,13599.53,13577.27,6437.17,1423.53,1010.88
59,27037.19,6525.90,6398.00,13523.41,13513.78,6399.91,1422.26,1016.65
60,26909.29,6500.23,6348.49,13456.51,13452.78,6349.45,1410.60,1007.15
61,26757.55,6469.96,6329.07,13385.96,13371.59,6302.68,1405.86,1003.29
62,26616.66,6431.55,6294.22,13316.63,13300.03,6243.93,1398.74,1031.62
63,26479.33,6404.95,6225.09,13232.15,13247.18,6191.75,1383.00,1019.30
64,26299.47,6367.13,6193.90,13139.99,13159.48,6144.76,1377.52,1007.35
65,26126.24,6329.10,6175.33,13066.75,13059.49,6104.58,1372.45,1043.45
66,25972.47,6290.37,6170.65,12998.71,12973.76,6064.03,1371.37,1072.23
67,25852.75,6265.72,6119.65,12945.80,12906.95,6029.52,1359.58,1059.74
68,25706.68,6224.10,6082.14,12867.30,12839.38,5988.02,1352.78,1054.15
69,25564.72,6198.03,6057.22,12800.86,12763.86,5936.51,1347.12,1063.10
70,25423.91,6157.78,6031.42,12726.72,12697.19,5888.15,1339.98,1041.13
71,25297.55,6131.86,5972.45,12670.90,12626.65,5852.55,1327.26,1018.47
72,25138.14,6092.78,5976.45,12585.08,12553.06,5819.15,1329.15,1055.31
73,25021.81,6070.58,5950.36,12526.47,12495.34,5782.51,1323.32,1070.48
74,24901.59,6054.83,5920.19,12466.42,12435.17,5743.80,1316.24,1100.99
75,24766.95,6017.23,5882.43,12396.56,12370.39,5705.38,1305.87,1107.66
76,24632.15,5986.67,5873.21,12328.94,12303.21,5663.66,1304.37,1119.94
77,24518.69,5950.53,5843.50,12271.62,12247.07,5624.76,1298.80,1103.48
78,24411.66,5931.97,5810.25,12221.81,12189.85,5595.61,1290.25,1096.13
79,24289.94,5890.98,5771.49,12160.65,12129.29,5564.48,1281.20,1089.41
80,24170.45,5891.75,5764.26,12098.86,12071.59,5533.41,1281.40,1085.84
81,24042.96,5847.56,5702.57,12035.56,12007.40,5500.06,1267.13,1125.01
82,23897.97,5813.17,5673.88,11954.23,11943.74,5471.40,1261.46,1124.44
83,23758.68,5789.22,5674.81,11884.51,11874.17,5436.20,1260.03,1139.36
84,23644.27,5756.34,5659.49,11831.70,11812.57,5411.92,1256.22,1110.89
85,23547.42,5729.81,5603.54,11777.78,11769.64,5371.38,1245.30,1096.70
86,23421.15,5689.13,5606.27,11713.35,11707.80,5345.54,1245.09,1108.26
87,23338.29,5673.92,5568.00,11676.44,11661.85,5317.25,1237.76,1144.03
88,23232.37,5657.79,5532.29,11625.70,11606.67,5286.01,1230.71,1134.83
89,23106.87,5634.89,5478.03,11556.71,11550.16,5256.62,1217.41,1129.27
90,22950.01,5581.37,5472.75,11472.06,11477.95,5228.25,1214.63,1123.63
91,22841.39,5562.13,5417.56,11414.37,11427.02,5202.70,1205.00,1146.50
92,22696.82,5537.28,5396.84,11344.53,11352.29,5170.45,1197.58,1152.85
93,22556.38,5491.24,5345.61,11264.15,11292.23,5145.31,1187.28,1148.43
94,22410.75,5453.33,5363.51,11191.38,11219.37,5123.77,1191.42,1163.03
95,22320.93,5444.97,5324.30,11142.70,11178.23,5088.94,1183.65,1169.01
96,22200.26,5410.00,5292.18,11083.58,11116.68,5061.25,1176.85,1162.35
97,22082.44,5357.79,5274.71,11033.64,11048.80,5031.24,1171.53,1184.71
98,21999.36,5360.38,5231.58,10999.08,11000.28,5004.71,1160.58,1207.91
99,21870.56,5333.23,5193.11,10930.62,10939.94,4968.24,1153.99,1194.18
100,21730.44,5279.56,5178.51,10859.84,10870.60,4940.10,1150.31,1195.75
101,21629.39,5257.61,5146.60,10811.43,10817.96,4923.32,1145.19,1200.44
102,21518.38,5244.66,5138.01,10750.89,10767.49,4903.47,1140.97,1200.02
103,21411.73,5219.50,5134.56,10695.75,10715.98,4880.50,1140.33,1190.61
104,21326.79,5188.02,5086.00,10648.28,10678.51,4848.90,1131.14,1218.98
105,21224.77,5181.25,5060.86,10596.85,10627.92,4820.51,1124.83,1203.64
106,21104.38,5153.05,5024.40,10548.50,10555.88,4785.53,1115.98,1213.75
107,20975.73,5114.43,4992.82,10485.82,10489.91,4751.84,1109.31,1215.55
108,20854.12,5085.04,4958.21,10423.66,10430.46,4721.75,1102.20,1206.22
109,20727.29,5055.97,4944.84,10365.15,10362.14,4703.27,1099.05,1233.91
110,20616.16,5018.56,4919.25,10309.68,10306.48,4684.01,1092.67,1251.85
111,20516.85,5002.55,4920.95,10256.34,10260.51,4661.33,1092.85,1253.45
112,20435.25,4970.00,4874.87,10210.68,10224.57,4631.48,1082.48,1272.32
113,20340.12,4962.09,4863.95,10174.95,10165.17,4604.70,1080.86,1248.65
114,20241.98,4939.28,4815.42,10133.12,10108.86,4577.52,1070.67,1256.24
115,20118.12,4906.35,4802.39,10065.27,10052.85,4557.58,1065.68,1270.52
116,20014.16,4879.70,4760.82,10009.49,10004.67,4527.42,1057.99,1268.91
117,19895.28,4844.46,4762.17,9946.72,9948.56,4507.91,1056.97,1285.05
118,19812.99,4836.62,4711.37,9912.67,9900.32,4486.12,1046.87,1273.84
119,19687.74,4807.91,4693.67,9848.70,9839.04,4459.63,1042.85,1276.18
120,19573.50,4770.58,4692.12,9787.15,9786.35,4429.52,1042.99,1280.17
121,19495.04,4743.76,4632.89,9740.57,9754.47,4409.03,1030.91,1289.01
122,19384.17,4724.01,4651.50,9681.64,9702.53,4389.27,1034.49,1283.58
123,19311.66,4711.08,4608.39,9644.76,9666.90,4368.62,1023.69,1300.44
124,19208.97,4688.68,4572.62,9593.38,9615.59,4343.23,1016.03,1288.86
125,19092.91,4667.91,4532.41,9534.76,9558.15,4310.21,1007.46,1294.89
126,18957.41,4623.65,4539.83,9465.54,9491.87,4287.52,1008.07,1288.37
127,18873.59,4607.22,4506.48,9430.39,9443.20,4258.55,1001.18,1271.42
128,18772.85,4579.14,4478.68,9389.70,9383.15,4237.87,995.88,1267.45
129,18672.39,4555.74,4472.86,9338.85,9333.54,4223.66,992.97,1266.01
130,18589.51,4539.14,4441.08,9299.89,9289.62,4197.45,984.85,1274.79
131,18491.45,4522.34,4421.91,9252.21,9239.24,4177.03,981.64,1268.47
132,18391.02,4491.54,4391.87,9201.33,9189.69,4151.15,977.01,1268.53
133,18291.35,4461.56,4389.83,9150.78,9140.57,4128.14,975.09,1259.22
134,18219.62,4442.60,4343.32,9107.12,9112.50,4107.44,965.79,1276.18
135,18120.34,4439.41,4314.55,9057.06,9063.28,4087.59,959.34,1263.58
136,17995.48,4391.52,4306.50,8999.32,8996.16,4060.91,958.71,1249.03
137,17910.46,4369.68,4274.63,8955.24,8955.22,4042.26,949.95,1234.50
138,17815.41,4345.16,4248.47,8905.39,8910.02,4023.76,943.91,1241.34
139,17718.72,4325.06,4241.30,8861.75,8856.97,4004.39,943.55,1231.00
140,17634.96,4300.59,4221.28,8822.65,8812.31,3978.57,938.06,1207.35
141,17555.65,4287.09,4203.91,8769.72,8785.93,3962.61,933.40,1200.63
142,17472.47,4259.73,4142.08,8732.70,8739.77,3943.26,921.55,1211.72
143,17354.82,4233.77,4127.55,8667.88,8686.94,3925.21,916.77,1224.79
144,17248.60,4213.52,4128.99,8619.10,8629.50,3900.04,916.61,1255.47
145,17164.07,4189.46,4122.60,8577.67,8586.40,3881.07,915.37,1265.48
146,17097.21,4156.94,4066.74,8545.40,8551.81,3862.08,902.73,1272.60
147,17007.01,4151.08,4054.30,8503.08,8503.93,3843.88,900.54,1271.56
148,16910.23,4132.61,4034.97,8457.38,8452.85,3821.16,897.37,1248.55
149,16812.59,4116.00,4016.41,8398.45,8414.14,3796.96,892.45,1243.67
150,16713.00,4078.30,3979.48,8353.41,8359.59,3775.62,883.82,1268.50
151,16614.18,4061.91,3965.21,8300.95,8313.23,3762.11,882.20,1248.54
152,16517.48,4030.51,3951.16,8252.38,8265.10,3739.50,877.68,1266.84
153,16438.13,4010.50,3935.20,8216.25,8221.88,3710.99,875.69,1241.09
154,16362.83,3995.45,3913.27,8178.91,8183.92,3692.78,869.96,1227.05
155,16280.65,3968.83,3867.81,8142.14,8138.51,3675.33,860.03,1233.82
156,16179.63,3946.89,3870.48,8095.12,8084.51,3658.40,860.26,1206.52
157,16103.22,3919.57,3867.59,8056.67,8046.55,3638.61,858.27,1199.43
158,16051.24,3919.45,3845.97,8027.72,8023.52,3628.54,854.79,1205.22
159,15977.76,3897.74,3841.31,7995.32,7982.44,3613.56,852.36,1198.05
160,15921.33,3881.09,3824.10,7963.99,7957.34,3590.36,848.92,1205.92
161,15864.34,3870.87,3771.32,7939.17,7925.17,3566.29,837.79,1209.30
162,15764.79,3856.12,3772.34,7886.37,7878.42,3545.30,837.26,1212.89
163,15681.01,3817.51,3735.09,7841.36,7839.65,3527.98,829.99,1210.42
164,15598.59,3809.14,3716.01,7801.32,7797.27,3519.49,825.81,1227.44
165,15505.46,3779.54,3696.10,7751.39,7754.07,3499.18,822.30,1219.99
166,15422.02,3758.66,3708.21,7705.42,7716.60,3488.42,823.95,1234.12
167,15371.57,3746.84,3670.33,7670.84,7700.73,3467.46,815.67,1208.91
168,15295.06,3743.69,3657.70,7638.37,7656.69,3452.77,814.34,1215.97
169,15209.07,3717.73,3613.31,7593.23,7615.84,3430.70,803.43,1228.42
170,15104.65,3691.84,3608.07,7544.31,7560.34,3413.02,802.71,1239.72
171,15020.88,3666.47,3577.54,7498.23,7522.65,3388.92,795.51,1214.79
172,14931.95,3640.10,3557.32,7452.24,7479.71,3374.79,790.91,1209.48
173,14849.17,3631.97,3533.37,7419.44,7429.73,3360.46,785.67,1211.34
174,14750.57,3588.84,3524.58,7372.95,7377.62,3339.96,782.83,1193.22
175,14686.31,3583.96,3511.77,7343.87,7342.44,3324.64,780.23,1214.87
176,14614.12,3565.12,3500.46,7315.19,7298.93,3302.17,777.04,1202.75
177,14549.46,3551.30,3479.45,7284.44,7265.02,3283.50,772.47,1223.06
178,14477.61,3526.95,3447.59,7253.98,7223.63,3266.87,765.69,1207.85
179,14398.25,3505.61,3457.88,7213.94,7184.31,3256.13,768.29,1198.83
180,14350.52,3501.52,3419.73,7188.43,7162.09,3240.65,760.68,1187.38
181,14268.73,3485.42,3421.43,7152.42,7116.31,3228.69,760.38,1196.33
182,14204.74,3463.86,3379.73,7112.19,7092.55,3209.89,751.60,1197.96
183,14120.61,3448.99,3363.32,7065.79,7054.82,3192.16,747.66,1205.35
184,14034.94,3428.96,3360.96,7020.58,7014.36,3171.70,746.37,1218.97
185,13966.94,3403.41,3332.79,6992.50,6974.44,3149.08,740.11,1227.34
186,13896.32,3391.31,3308.05,6953.09,6943.23,3138.51,734.27,1215.72
187,13813.06,3373.08,3302.15,6909.21,6903.85,3124.76,732.90,1206.48
188,13742.13,3355.25,3289.29,6874.08,6868.05,3101.75,731.49,1203.14
189,13676.17,3345.28,3271.29,6839.70,6836.47,3086.99,727.26,1209.25
190,13602.18,3314.06,3250.31,6798.56,6803.62,3072.14,721.53,1212.46
191,13538.43,3303.54,3231.91,6771.10,6767.33,3050.33,717.30,1209.10
192,13466.80,3289.35,3217.37,6738.14,6728.66,3033.39,714.85,1202.50
193,13394.82,3266.51,3198.71,6696.29,6698.53,3022.63,711.12,1206.88
194,13327.02,3246.78,3160.74,6661.83,6665.19,3007.45,701.98,1195.38
195,13240.98,3219.67,3165.69,6624.20,6616.78,2998.46,704.12,1184.25
196,13187.00,3216.95,3158.14,6596.39,6590.61,2988.73,701.68,1189.37
197,13128.19,3204.05,3155.14,6567.78,6560.41,2970.54,701.66,1204.61
198,13079.28,3194.35,3146.01,6539.64,6539.64,2953.77,698.78,1194.21
199,13030.94,3178.13,3104.92,6511.27,6519.67,2943.09,689.96,1215.75
200,12957.73,3158.30,3099.35,6478.84,6478.89,2921.97,688.57,1193.43
201,12898.78,3156.46,3061.12,6448.69,6450.09,2901.97,680.17,1196.28
202,12803.44,3121.23,3060.89,6405.12,6398.32,2888.00,679.45,1165.63
203,12743.10,3110.81,3034.55,6373.96,6369.14,2874.54,674.62,1184.42
204,12666.84,3081.49,3034.58,6335.28,6331.56,2861.99,674.82,1176.49
205,12619.93,3086.10,2990.04,6306.68,6313.25,2852.42,664.47,1195.60
206,12523.87,3051.15,2998.93,6257.38,6266.49,2836.12,665.62,1190.99
207,12471.65,3038.88,2971.98,6238.56,6233.09,2819.62,660.95,1192.72
208,12404.75,3021.92,2963.14,6207.01,6197.74,2804.72,658.94,1196.28
209,12345.97,3018.21,2982.92,6181.27,6164.70,2796.31,663.37,1201.35
210,12310.68,3000.68,2925.24,6157.09,6153.59,2777.11,650.46,1182.28
211,12235.24,2989.85,2924.47,6124.91,6110.33,2760.24,650.05,1171.37
212,12169.86,2959.99,2912.48,6094.71,6075.15,2743.92,647.43,1179.96
213,12122.35,2958.42,2896.51,6068.42,6053.93,2735.96,643.43,1183.20
214,12060.44,2945.73,2882.85,6037.61,6022.83,2722.49,640.68,1195.18
215,11997.56,2929.38,2853.89,6003.17,5994.39,2709.06,634.66,1204.10
216,11922.07,2907.55,2843.37,5962.11,5959.96,2696.98,631.70,1192.81
217,11857.89,2896.94,2835.39,5926.14,5931.75,2681.91,630.89,1191.97
218,11796.34,2881.37,2832.29,5896.06,5900.28,2667.30,628.19,1202.91
219,11747.26,2866.86,2790.28,5876.47,5870.79,2651.47,620.85,1205.49
220,11670.68,2850.88,2786.21,5831.58,5839.10,2632.29,619.99,1197.83
221,11606.01,2828.63,2760.35,5798.26,5807.75,2620.60,613.67,1191.31
222,11537.73,2814.19,2763.32,5760.56,5777.17,2611.59,613.80,1178.13
223,11486.86,2804.99,2739.27,5740.45,5746.41,2597.48,608.72,1183.99
224,11421.14,2775.85,2732.55,5711.17,5709.97,2585.91,608.11,1180.30
225,11377.84,2772.24,2733.08,5689.50,5688.34,2575.21,607.04,1165.86
226,11338.68,2769.82,2710.28,5668.51,5670.17,2566.70,602.80,1169.07
227,11279.14,2749.65,2686.56,5638.41,5640.73,2545.39,597.43,1173.39
228,11216.05,2730.76,2671.70,5603.63,5612.42,2531.31,594.09,1164.73
229,11156.99,2723.53,2655.72,5578.71,5578.28,2518.98,589.74,1156.70
230,11089.18,2703.15,2650.23,5537.74,5551.44,2509.55,589.48,1146.33
231,11036.26,2696.10,2637.75,5512.39,5523.87,2497.98,586.31,1146.16
232,10977.91,2676.96,2626.54,5482.71,5495.20,2484.89,584.08,1139.16
233,10927.49,2667.23,2604.95,5459.88,5467.61,2470.83,578.72,1119.38
234,10865.21,2652.11,2592.04,5429.73,5435.48,2454.05,575.86,1125.78
235,10805.14,2632.22,2584.36,5396.96,5408.18,2443.18,573.65,1110.87
236,10757.28,2627.19,2569.80,5370.17,5387.11,2431.68,571.44,1101.96
237,10699.89,2614.41,2553.52,5339.62,5360.27,2420.39,567.72,1093.12
238,10639.00,2597.15,2543.18,5316.75,5322.25,2413.02,565.24,1088.52
239,10585.03,2579.76,2532.54,5284.37,5300.66,2396.34,563.00,1075.21
240,10537.81,2573.03,2520.50,5260.33,5277.48,2382.35,561.51,1076.73
241,10485.28,2560.86,2504.72,5235.54,5249.74,2366.51,556.84,1100.43
242,10429.14,2541.33,2490.45,5214.73,5214.41,2350.81,553.17,1093.48
243,10378.26,2524.78,2468.23,5184.40,5193.86,2341.91,548.56,1075.57
244,10321.71,2516.95,2472.44,5158.92,5162.79,2338.32,549.07,1056.70
245,10277.20,2512.88,2457.85,5137.76,5139.44,2327.13,546.59,1041.28
246,10222.17,2489.66,2443.84,5112.79,5109.38,2307.65,542.90,1050.85
247,10176.35,2489.07,2425.12,5092.80,5083.55,2302.84,539.98,1065.75
248,10112.40,2458.95,2425.61,5064.21,5048.19,2287.37,539.46,1055.53
249,10079.06,2458.51,2421.78,5049.05,5030.01,2274.30,537.88,1056.48
250,10042.33,2449.30,2400.13,5031.54,5010.79,2261.74,533.74,1053.27
251,9993.16,2439.21,2379.71,5009.14,4984.02,2247.70,529.71,1043.49
252,9933.66,2424.35,2380.94,4978.00,4955.66,2240.87,528.89,1044.03
253,9890.25,2413.78,2367.22,4951.62,4938.63,2226.16,526.11,1044.07
254,9843.69,2402.11,2351.98,4929.45,4914.24,2215.21,522.87,1035.89
255,9793.56,2389.70,2341.23,4899.55,4894.01,2207.97,520.65,1044.25
256,9745.09,2370.88,2334.17,4871.64,4873.45,2201.72,518.40,1067.26
257,9708.38,2370.49,2326.19,4860.53,4847.85,2188.88,517.19,1052.32
258,9664.08,2356.98,2304.01,4840.89,4823.19,2183.20,511.43,1065.35
259,9611.11,2336.25,2295.67,4813.97,4797.14,2168.96,510.33,1039.09
260,9570.53,2336.76,2294.85,4793.29,4777.24,2159.57,510.13,1029.08
261,9528.62,2334.77,2258.30,4769.99,4758.63,2144.24,502.93,1025.69
262,9452.15,2308.72,2258.88,4727.77,4724.38,2133.26,501.32,1019.89
263,9402.31,2294.71,2235.92,4700.24,4702.07,2123.70,497.37,1025.03
264,9343.52,2283.97,2251.92,4671.51,4672.01,2116.17,500.02,1037.16
265,9311.47,2275.56,2236.07,4658.06,4653.41,2103.80,497.01,1032.95
266,9271.98,2262.97,2200.40,4635.85,4636.13,2091.35,489.97,1035.80
267,9209.41,2248.97,2209.31,4606.31,4603.10,2079.01,490.92,1037.90
268,9169.75,2242.28,2187.09,4586.13,4583.62,2066.39,486.12,1031.02
269,9114.56,2222.81,2175.14,4558.53,4556.03,2052.16,485.08,1045.59
270,9066.89,2209.40,2162.81,4529.49,4537.40,2044.97,480.55,1049.18
271,9020.30,2203.54,2157.50,4505.42,4514.88,2042.28,479.66,1060.62
272,8974.26,2193.52,2142.39,4480.13,4494.13,2031.45,476.40,1063.65
273,8923.13,2184.88,2122.04,4455.37,4467.76,2019.28,471.50,1055.53
274,8860.29,2161.88,2102.36,4426.42,4433.87,2001.50,467.95,1052.17
275,8800.77,2151.71,2106.60,4399.41,4401.36,1993.40,468.44,1047.12
276,8755.66,2135.06,2085.67,4371.79,4383.87,1979.71,463.57,1052.46
277,8706.27,2121.61,2076.78,4349.31,4356.96,1966.92,461.88,1046.95
278,8661.44,2113.44,2073.12,4332.11,4329.33,1960.92,460.52,1032.96
279,8621.12,2108.33,2058.39,4309.42,4311.70,1951.61,457.81,1023.96
280,8571.18,2097.43,2056.53,4285.59,4285.59,1942.32,457.35,1021.10
281,8530.28,2080.51,2044.80,4267.42,4262.86,1929.86,454.03,988.91
282,8494.57,2069.13,2023.00,4257.07,4237.50,1914.21,449.99,990.29
283,8448.44,2057.30,2034.10,4233.49,4214.95,1906.26,451.73,998.84
284,8425.24,2057.19,2010.07,4222.52,4202.72,1896.26,446.56,1001.11
285,8378.12,2043.82,1999.94,4198.03,4180.09,1889.26,443.73,1001.60
286,8334.24,2034.70,1995.05,4173.91,4160.33,1877.87,443.89,988.27
287,8294.59,2025.05,1994.49,4152.21,4142.38,1868.02,443.51,987.40
288,8264.03,2020.86,1975.45,4134.23,4129.80,1859.98,439.28,977.74
289,8218.62,2000.01,1963.24,4112.73,4105.89,1851.76,436.73,979.60
290,8181.85,1997.31,1959.47,4093.05,4088.80,1840.97,434.11,979.21
291,8144.01,1986.36,1929.09,4071.78,4072.23,1829.89,427.84,980.69
292,8086.74,1970.29,1944.41,4040.07,4046.67,1824.40,431.91,980.79
293,8060.86,1960.45,1921.96,4031.36,4029.50,1818.59,427.38,975.92
294,8022.37,1957.88,1917.29,4014.44,4007.93,1815.03,426.05,954.96
295,7981.78,1947.94,1894.61,3987.29,3994.49,1802.84,420.56,971.45
296,7928.45,1935.36,1888.10,3959.72,3968.73,1796.51,419.46,966.51
297,7881.19,1916.60,1881.25,3939.41,3941.78,1785.58,418.61,990.01
298,7845.84,1917.08,1882.34,3926.93,3918.91,1774.56,418.03,976.79
299,7811.10,1902.52,1849.81,3905.09,3906.01,1764.17,411.70,978.20
300,7758.39,1890.66,1857.34,3876.99,3881.40,1758.88,412.68,980.17
301,7725.07,1885.47,1855.26,3860.31,3864.76,1749.65,413.16,977.15
302,7694.86,1877.59,1838.29,3843.46,3851.40,1738.85,407.88,990.46
303,7655.56,1873.52,1830.85,3823.87,3831.69,1731.57,406.92,988.25
304,7612.89,1857.42,1820.94,3797.60,3815.29,1723.24,404.30,997.57
305,7576.41,1845.62,1803.85,3784.62,3791.79,1706.22,400.34,980.33
306,7534.64,1840.94,1799.97,3765.36,3769.28,1699.07,399.99,978.57
307,7493.67,1827.25,1778.16,3747.07,3746.60,1691.39,395.83,971.59
308,7444.58,1816.87,1778.65,3722.25,3722.33,1686.96,395.06,966.97
309,7406.36,1805.78,1759.20,3702.19,3704.17,1673.81,390.98,961.19
310,7359.78,1798.67,1765.71,3683.73,3676.05,1664.00,391.24,963.70
311,7326.82,1783.85,1755.24,3666.14,3660.68,1652.42,389.39,961.30
312,7298.21,1783.40,1734.55,3655.97,3642.24,1647.42,386.12,936.29
313,7249.36,1769.16,1745.83,3632.97,3616.39,1636.67,386.99,937.61
314,7226.03,1763.00,1730.81,3619.94,3606.09,1629.30,383.66,931.22
315,7193.84,1761.49,1722.16,3604.30,3589.54,1618.95,382.06,943.33
316,7154.51,1742.47,1696.77,3585.63,3568.88,1610.35,377.11,940.08
317,7108.81,1736.15,1704.78,3559.30,3549.51,1603.56,378.34,943.53
318,7077.44,1728.72,1699.01,3539.67,3537.77,1592.92,376.96,939.36
319,7047.73,1717.75,1682.27,3523.75,3523.98,1586.11,373.71,943.41
320,7012.25,1708.17,1678.85,3510.54,3501.71,1583.45,372.48,935.30
321,6982.93,1703.19,1686.32,3491.57,3491.36,1578.25,375.31,927.73
322,6966.06,1692.71,1663.48,3485.66,3480.40,1566.31,368.88,927.33
323,6936.83,1691.51,1651.67,3470.33,3466.50,1560.32,367.18,934.88
324,6896.99,1680.30,1654.94,3450.14,3446.85,1556.26,367.75,923.28
325,6871.63,1675.82,1649.35,3432.18,3439.45,1547.74,365.63,932.26
326,6845.16,1671.83,1631.75,3418.89,3426.27,1543.47,362.98,930.55
327,6805.08,1657.42,1620.54,3401.97,3403.11,1537.60,360.02,907.87
328,6768.20,1652.54,1604.78,3379.82,3388.38,1526.15,356.82,911.58
329,6720.44,1641.00,1596.63,3356.83,3363.61,1515.88,355.70,909.28
330,6676.07,1627.10,1599.58,3338.37,3337.70,1510.75,355.01,900.86
331,6648.55,1620.83,1608.77,3327.03,3321.52,1509.05,357.50,912.61
332,6636.49,1617.01,1574.36,3321.49,3315.00,1500.21,350.66,911.85
333,6593.84,1608.66,1575.93,3296.41,3297.43,1490.20,349.81,909.10
334,6561.11,1596.77,1560.86,3278.36,3282.75,1478.64,347.26,907.68
335,6525.20,1593.88,1544.91,3258.01,3267.19,1471.32,343.54,905.79
336,6476.23,1577.72,1539.26,3235.83,3240.40,1463.37,341.99,887.80
337,6437.77,1565.54,1540.75,3212.64,3225.13,1462.42,342.37,889.01
338,6412.98,1560.80,1535.04,3202.58,3210.40,1453.78,341.24,870.53
339,6387.22,1555.90,1528.25,3189.61,3197.61,1447.92,339.91,882.60
340,6359.57,1546.36,1520.65,3178.71,3180.86,1440.91,337.64,890.45
341,6333.86,1546.97,1523.32,3166.34,3167.52,1432.59,338.12,884.87
342,6310.21,1538.96,1509.19,3157.03,3153.18,1418.48,335.55,889.14
343,6280.44,1532.11,1498.40,3139.78,3140.66,1411.90,333.11,874.50
344,6246.73,1528.89,1485.20,3126.20,3120.53,1402.24,330.05,877.01
345,6203.04,1514.08,1473.32,3103.46,3099.58,1391.94,327.80,876.60
346,6162.28,1496.29,1463.12,3081.13,3081.15,1387.23,324.98,870.08
347,6129.11,1496.12,1474.56,3064.78,3064.33,1385.84,327.80,870.21
348,6107.55,1490.04,1449.26,3053.07,3054.48,1380.12,322.78,873.71
349,6066.77,1482.16,1451.32,3030.88,3035.89,1373.54,321.84,859.45
350,6035.93,1472.15,1446.12,3018.16,3017.77,1365.20,321.97,866.33
351,6009.90,1465.57,1436.74,3006.97,3002.93,1355.66,319.21,866.43
352,5981.07,1459.91,1426.66,2993.31,2987.76,1344.53,316.78,866.17
353,5947.82,1449.74,1415.89,2976.51,2971.31,1341.48,315.09,872.21
354,5913.97,1442.09,1408.85,2960.94,2953.03,1336.35,313.75,872.39
355,5880.73,1431.51,1404.51,2945.27,2935.46,1329.42,311.55,864.51
356,5853.73,1427.89,1398.16,2935.60,2918.13,1326.69,310.46,869.57
357,5824.00,1421.40,1408.00,2920.30,2903.70,1317.48,313.09,868.06
358,5810.60,1421.66,1398.06,2916.66,2893.94,1312.74,310.56,881.17
359,5787.00,1413.90,1397.15,2900.07,2886.93,1303.29,310.18,883.45
360,5770.25,1412.22,1369.94,2885.01,2885.24,1295.41,304.10,886.73
361,5727.97,1394.81,1370.87,2859.89,2868.08,1288.39,304.46,864.51
362,5704.03,1395.61,1368.76,2849.08,2854.95,1281.98,304.21,879.76
363,5677.18,1383.83,1353.04,2836.85,2840.33,1275.78,300.92,863.44
364,5646.39,1377.46,1361.45,2827.23,2819.16,1273.68,302.29,859.48
365,5630.38,1374.76,1338.79,2818.16,2812.22,1269.40,297.25,859.23
366,5594.41,1363.80,1325.12,2808.43,2785.98,1261.52,294.55,849.21
367,5555.73,1354.65,1331.13,2787.47,2768.26,1251.85,295.59,856.79
368,5532.21,1351.23,1329.31,2775.58,2756.63,1247.14,295.57,850.54
369,5510.29,1347.66,1320.59,2760.06,2750.23,1238.76,292.79,848.98
370,5483.22,1337.82,1312.32,2745.31,2737.91,1233.18,292.05,839.10
371,5457.72,1336.62,1310.81,2732.65,2725.07,1228.90,291.22,842.96
372,5431.91,1328.10,1294.52,2719.94,2711.97,1222.21,287.47,836.65
373,5398.33,1317.36,1289.27,2705.99,2692.34,1215.03,286.74,836.28
374,5370.24,1308.36,1276.22,2687.76,2682.48,1205.82,283.86,859.22
375,5338.10,1305.36,1266.61,2673.26,2664.84,1200.39,281.85,867.26
376,5299.35,1295.27,1269.75,2652.73,2646.62,1197.98,281.91,859.94
377,5273.83,1284.30,1258.65,2639.31,2634.52,1191.24,279.85,863.86
378,5248.18,1283.81,1256.12,2630.34,2617.84,1184.46,279.50,845.78
379,5220.49,1276.57,1245.72,2610.77,2609.72,1176.74,276.75,835.32
380,5189.64,1262.47,1244.19,2594.78,2594.86,1170.90,276.11,827.06
381,5171.36,1264.99,1240.62,2586.96,2584.40,1165.32,275.50,837.06
382,5146.99,1261.43,1232.96,2570.59,2576.40,1162.04,273.78,837.59
383,5118.52,1254.12,1220.31,2555.06,2563.46,1154.22,271.07,829.83
384,5084.71,1242.48,1206.55,2539.84,2544.87,1146.80,267.98,827.64
385,5048.78,1234.38,1202.79,2522.26,2526.52,1138.53,267.32,830.39
386,5017.19,1223.75,1199.69,2507.69,2509.50,1133.02,266.06,828.44
387,4993.13,1220.11,1189.10,2493.09,2500.04,1128.70,264.18,822.28
388,4962.12,1213.49,1189.42,2479.93,2482.19,1122.03,264.07,815.42
389,4938.05,1205.26,1172.83,2467.56,2470.49,1114.13,260.67,801.80
390,4905.62,1190.57,1166.93,2453.68,2451.94,1110.42,259.52,802.04
391,4881.98,1188.44,1167.18,2438.24,2443.74,1103.71,259.10,803.96
392,4860.72,1186.45,1172.93,2432.93,2427.79,1101.79,260.72,815.66
393,4847.20,1188.37,1157.15,2427.87,2419.33,1093.47,257.45,806.53
394,4815.98,1174.78,1156.23,2412.82,2403.16,1086.17,257.29,806.26
395,4797.43,1170.04,1147.61,2402.69,2394.74,1077.76,254.48,813.76
396,4775.00,1166.45,1134.82,2391.49,2383.51,1071.68,252.66,810.41
397,4743.37,1158.25,1125.63,2378.11,2365.26,1065.10,250.86,810.92
398,4710.75,1150.48,1123.32,2358.78,2351.97,1060.75,249.60,809.76
399,4683.59,1143.21,1128.40,2347.79,2335.80,1060.26,250.55,824.10
400,4668.78,1135.31,1121.99,2335.82,2332.96,1056.00,249.73,815.64
401,4655.46,1135.77,1122.86,2326.22,2329.24,1055.17,249.55,827.06
402,4642.55,1131.67,1121.45,2322.22,2320.33,1049.03,249.24,825.28
403,4632.33,1129.84,1111.20,2314.87,2317.46,1043.98,246.88,821.15
404,4613.69,1125.42,1095.49,2304.58,2309.11,1036.50,242.89,809.02
405,4583.76,1116.43,1092.52,2291.95,2291.81,1030.28,242.93,811.39
406,4559.85,1111.61,1085.46,2282.10,2277.75,1025.86,241.46,803.18
407,4533.70,1103.99,1073.67,2268.28,2265.42,1019.60,238.69,803.79
408,4503.38,1093.36,1078.50,2252.99,2250.39,1017.74,239.71,807.89
409,4488.52,1090.32,1072.41,2241.15,2247.37,1015.31,238.40,808.18
410,4470.61,1087.96,1060.56,2232.79,2237.82,1012.72,235.67,803.99
411,4443.21,1088.02,1053.44,2220.92,2222.29,1008.50,234.32,791.15
412,4408.63,1073.36,1066.00,2202.50,2206.13,1000.93,236.34,776.87
413,4401.27,1075.24,1060.56,2202.68,2198.59,995.91,235.65,777.60
414,4386.59,1067.74,1053.82,2197.44,2189.15,988.27,233.80,797.64
415,4372.67,1070.79,1040.09,2192.54,2180.13,985.25,231.25,803.58
416,4341.97,1057.25,1038.39,2174.80,2167.17,976.32,230.03,803.93
417,4323.11,1056.58,1026.40,2161.49,2161.62,970.48,228.24,801.20
418,4292.93,1049.90,1024.15,2144.97,2147.96,966.53,227.34,800.57
419,4267.18,1044.26,1023.86,2133.55,2133.63,963.60,227.14,783.35
420,4246.78,1035.75,1019.21,2123.11,2123.67,956.05,226.72,788.63
421,4230.24,1033.54,1015.20,2113.51,2116.73,953.43,225.57,796.00
422,4211.90,1026.46,1010.92,2105.90,2106.00,949.08,224.25,803.77
423,4196.36,1024.25,1005.59,2098.21,2098.15,945.14,223.66,800.81
424,4177.70,1023.82,991.08,2087.89,2089.81,942.12,220.77,801.41
425,4144.96,1010.55,988.91,2070.21,2074.75,935.60,220.26,789.11
426,4123.32,1005.18,978.62,2058.35,2064.97,928.64,217.42,782.65
427,4096.76,1000.73,975.33,2043.86,2052.90,921.73,216.98,779.59
428,4071.36,990.47,965.62,2035.24,2036.12,917.14,214.83,773.47
429,4046.51,983.81,968.70,2021.42,2025.09,916.92,215.56,764.65
430,4031.40,982.81,969.67,2019.52,2011.88,910.84,215.64,759.24
431,4018.26,979.72,963.54,2010.17,2008.09,908.11,213.76,745.27
432,4002.08,977.16,944.10,2001.19,2000.89,901.95,209.92,741.16
433,3969.02,964.54,947.50,1983.79,1985.23,896.80,210.91,746.90
434,3951.98,967.99,944.21,1973.11,1978.87,894.03,209.76,754.86
435,3928.20,960.57,935.67,1959.46,1968.74,891.07,208.60,753.17
436,3903.30,951.08,929.79,1944.73,1958.57,884.88,206.75,752.55
437,3882.01,949.74,925.52,1938.50,1943.51,882.08,205.92,744.85
438,3857.79,938.73,916.01,1923.82,1933.97,875.36,203.21,741.70
439,3835.07,937.73,918.52,1912.87,1922.20,869.04,203.66,751.94
440,3815.86,931.45,906.09,1902.65,1913.21,862.95,201.97,747.06
441,3790.50,925.58,910.17,1891.40,1899.10,856.43,201.80,750.66
442,3775.09,922.79,896.85,1883.83,1891.26,852.06,199.54,747.54
443,3749.15,917.72,886.64,1873.21,1875.94,849.07,197.53,738.03
444,3718.07,905.95,886.97,1857.21,1860.86,842.61,197.14,728.00
445,3699.09,907.72,883.81,1844.35,1854.74,838.90,196.43,718.21
446,3675.18,895.05,865.84,1830.91,1844.27,831.36,192.97,708.64
447,3645.97,891.57,867.43,1818.12,1827.85,828.22,193.12,713.10
448,3621.83,881.99,862.52,1806.86,1814.97,821.81,191.95,710.58
449,3602.36,876.58,858.45,1800.04,1802.32,819.91,191.24,699.78
450,3584.23,874.59,863.48,1789.69,1794.54,813.70,191.46,703.60
451,3573.12,873.85,853.30,1785.02,1788.10,811.37,190.18,701.45
452,3552.57,867.21,844.28,1771.37,1781.20,803.80,187.90,703.54
453,3529.64,859.70,847.08,1763.35,1766.29,798.65,187.81,704.07
454,3517.02,860.55,841.14,1758.01,1759.01,795.22,186.49,708.21
455,3497.61,853.62,825.05,1746.94,1750.67,788.85,183.60,703.00
456,3469.04,847.40,834.08,1734.00,1735.04,787.45,185.08,703.82
457,3455.72,843.21,834.27,1727.84,1727.88,781.11,185.26,710.28
458,3446.78,845.10,821.79,1719.10,1727.68,777.67,182.67,702.45
459,3423.47,833.81,814.24,1707.62,1715.85,771.71,181.37,691.07
460,3403.90,830.21,812.49,1701.38,1702.52,766.74,180.25,688.69
461,3386.18,828.85,804.92,1690.22,1695.96,765.35,179.37,690.53
462,3362.25,822.79,795.18,1677.20,1685.05,756.73,176.70,690.21
463,3334.64,817.97,797.16,1666.39,1668.25,756.27,176.96,679.55
464,3313.83,810.97,795.95,1655.28,1658.55,749.05,176.36,676.14
465,3298.81,803.80,790.46,1644.03,1654.78,744.83,175.44,672.59
466,3285.47,798.61,784.47,1638.05,1647.42,743.02,173.65,669.19
467,3271.33,799.20,780.02,1630.85,1640.48,738.10,173.14,671.46
468,3252.15,792.71,786.38,1625.24,1626.91,732.85,174.80,680.61
469,3245.82,796.04,771.45,1621.92,1623.90,727.92,170.92,671.26
470,3221.23,783.75,766.35,1608.74,1612.49,724.58,170.00,669.64
471,3203.83,779.71,772.58,1601.11,1602.72,723.77,171.34,665.79
472,3196.70,783.05,760.56,1596.66,1600.04,720.66,168.44,663.43
473,3174.21,776.15,754.28,1585.41,1588.80,714.15,167.47,658.29
474,3152.34,772.19,757.09,1574.98,1577.36,712.93,168.18,654.18
475,3137.24,766.55,753.52,1566.95,1570.29,709.72,167.24,661.02
476,3124.21,762.97,747.19,1560.37,1563.84,703.95,165.74,656.58
477,3108.43,763.29,738.06,1554.30,1554.13,699.87,163.80,647.94
478,3083.20,755.95,727.94,1541.19,1542.01,694.32,161.87,651.16
479,3055.19,743.28,729.13,1524.09,1531.10,687.50,162.18,642.44
480,3041.04,740.14,723.86,1518.56,1522.48,685.95,161.54,632.31
481,3024.76,734.71,719.76,1510.72,1514.04,684.56,160.10,634.21
482,3009.81,729.68,726.47,1504.13,1505.68,684.68,161.13,637.99
483,3006.60,730.59,726.34,1502.40,1504.20,682.82,161.32,635.87
484,3002.35,731.13,713.34,1501.87,1500.48,679.13,158.65,648.00
485,2984.56,729.04,713.50,1491.09,1493.47,678.37,159.03,648.36
486,2969.02,723.15,708.24,1480.06,1488.96,672.48,157.44,644.12
487,2954.11,724.91,702.91,1472.86,1481.25,669.63,156.33,640.37
488,2932.11,717.22,707.03,1463.02,1469.09,662.44,156.95,632.63
489,2921.92,713.62,696.35,1456.86,1465.06,659.78,154.46,635.51
490,2904.65,707.91,687.06,1449.31,1455.34,654.16,152.94,636.87
491,2883.80,705.10,696.77,1440.44,1443.36,651.90,154.59,634.17
492,2875.47,702.10,684.20,1433.93,1441.54,648.79,152.42,641.04
493,2857.57,698.95,677.76,1426.92,1430.65,644.46,150.47,628.37
494,2836.38,693.30,671.83,1415.60,1420.78,641.38,149.34,628.06
495,2814.91,684.74,676.56,1404.21,1410.70,638.39,149.62,629.81
496,2806.73,691.39,664.56,1400.31,1406.42,633.07,148.02,624.31
497,2779.90,674.79,664.81,1386.75,1393.15,629.44,147.66,623.15
498,2769.92,677.02,658.16,1384.03,1385.89,628.64,146.71,624.00
499,2751.06,670.72,658.64,1375.82,1375.24,622.35,146.55,612.43
500,2738.98,669.94,654.56,1367.76,1371.22,619.54,145.40,609.77
501,2723.60,666.34,641.47,1361.04,1362.56,617.53,142.99,603.07
502,2698.73,657.49,640.77,1351.17,1347.56,613.27,143.05,597.15
503,2682.01,652.57,635.80,1342.50,1339.51,612.18,141.02,594.04
504,2665.24,654.13,638.52,1331.24,1334.00,606.53,141.29,598.88
505,2649.63,647.13,632.62,1324.79,1324.84,600.95,140.59,603.35
506,2635.12,645.37,623.35,1317.12,1318.00,598.93,138.74,607.51
507,2613.10,640.50,632.18,1306.77,1306.33,593.19,140.20,592.60
508,2604.78,635.25,625.69,1303.67,1301.11,587.26,138.76,587.97
509,2595.22,632.69,628.85,1301.94,1293.28,585.41,139.54,580.03
510,2591.38,634.91,613.41,1299.38,1292.00,583.98,136.37,582.19
511,2569.88,626.25,619.93,1287.16,1282.72,580.87,137.80,574.46
512,2563.56,618.86,622.52,1283.44,1280.12,576.66,138.26,574.14
513,2567.22,622.70,606.39,1284.39,1282.83,574.51,134.36,572.76
514,2550.91,622.41,608.12,1273.08,1277.83,574.30,135.28,575.50
515,2536.62,621.28,603.69,1264.73,1271.89,571.66,134.53,584.22
516,2519.03,615.37,602.95,1257.76,1261.27,567.34,134.67,573.52
517,2506.61,609.03,595.62,1251.78,1254.83,564.71,132.31,578.69
518,2493.20,609.37,602.22,1246.57,1246.63,565.52,133.73,587.92
519,2486.05,608.72,592.60,1243.13,1242.92,559.04,132.01,587.46
520,2469.93,604.01,592.60,1235.64,1234.29,556.92,131.76,583.03
521,2458.52,599.19,579.90,1230.08,1228.44,552.70,129.30,589.50
522,2439.23,597.03,592.06,1219.15,1220.08,553.81,131.84,586.51
523,2434.26,590.45,588.36,1216.17,1218.09,547.99,131.01,590.44
524,2432.17,594.42,574.92,1214.70,1217.47,546.24,127.50,599.59
525,2412.67,591.71,573.34,1204.48,1208.19,543.62,127.47,596.63
526,2394.30,585.06,569.10,1197.11,1197.19,541.15,127.08,597.23
527,2378.34,579.08,565.22,1189.09,1189.25,536.35,126.02,588.17
528,2364.48,575.88,563.12,1182.97,1181.51,533.43,125.56,587.16
529,2351.72,574.64,563.07,1175.92,1175.80,530.63,124.48,586.87
530,2340.15,569.19,557.58,1168.37,1171.78,530.07,124.35,583.64
531,2328.54,568.19,563.16,1162.06,1166.48,527.01,125.31,585.71
532,2323.51,567.75,557.98,1162.36,1161.15,525.16,123.88,576.26
533,2313.74,558.78,550.07,1156.74,1157.00,521.33,122.51,576.11
534,2305.03,565.00,547.60,1151.03,1154.00,519.23,121.72,576.02
535,2287.63,556.90,545.80,1143.23,1144.40,517.29,121.45,572.15
536,2276.53,558.76,544.30,1138.92,1137.61,512.12,120.83,568.22
537,2262.07,548.47,539.95,1129.73,1132.34,509.42,120.49,566.46
538,2253.55,546.63,526.51,1126.06,1127.49,508.53,117.17,566.23
539,2233.43,546.73,533.41,1115.78,1117.65,505.92,118.49,565.61
540,2220.11,543.43,535.50,1109.67,1110.44,504.12,119.20,565.09
541,2212.18,541.39,529.53,1105.13,1107.05,500.44,117.98,556.85
542,2200.32,535.29,520.01,1099.12,1101.20,497.41,115.65,558.27
543,2185.04,534.03,518.20,1090.61,1094.43,494.80,115.29,559.36
544,2169.21,529.17,519.50,1082.18,1087.03,490.82,115.30,550.88
545,2159.54,529.62,508.62,1078.76,1080.78,487.07,112.67,552.09
546,2138.54,522.04,514.84,1071.49,1067.05,484.86,114.63,552.17
547,2131.34,517.89,510.36,1068.43,1062.91,483.45,113.36,556.08
548,2123.81,520.38,503.92,1062.48,1061.33,480.09,111.74,559.95
549,2107.35,515.05,498.21,1053.38,1053.97,474.95,110.76,560.50
550,2090.51,512.46,506.21,1045.90,1044.61,473.96,112.50,554.23
551,2084.26,507.10,499.43,1040.67,1043.59,470.25,111.16,552.04
552,2076.59,505.14,496.27,1036.19,1040.40,468.36,110.13,556.39
553,2067.72,504.36,491.45,1033.63,1034.09,466.00,109.27,551.69
554,2054.81,499.92,488.62,1029.71,1025.10,460.27,108.72,548.38
555,2043.51,497.86,487.01,1024.07,1019.44,460.50,108.15,549.46
556,2032.66,496.72,486.63,1017.08,1015.58,458.93,108.10,544.49
557,2022.57,494.88,483.76,1011.63,1010.94,457.76,107.54,542.95
558,2011.45,491.04,481.60,1006.89,1004.56,455.32,107.13,535.39
559,2002.01,487.18,482.14,1002.59,999.42,451.50,106.78,534.81
560,1996.97,489.71,478.93,1001.36,995.61,450.63,106.28,530.09
561,1986.19,481.07,480.80,995.24,990.95,447.95,106.60,531.44
562,1985.92,486.64,474.52,994.36,991.56,445.71,105.45,534.12
563,1973.80,480.74,470.05,986.15,987.65,442.21,104.17,532.15
564,1963.11,477.83,462.01,978.08,985.03,439.45,103.02,530.73
565,1947.29,476.19,465.97,971.27,976.02,440.40,104.05,529.17
566,1937.07,469.88,460.31,967.98,969.09,436.38,102.57,527.74
567,1927.50,468.90,461.35,962.96,964.54,437.85,102.54,529.16
568,1919.95,469.14,460.87,958.18,961.77,436.34,102.35,524.50
569,1911.68,462.68,455.63,951.88,959.80,433.54,101.14,531.40
570,1904.63,468.63,450.91,949.27,955.36,430.68,99.94,540.32
571,1886.91,459.19,450.37,942.16,944.75,426.51,99.47,541.66
572,1878.09,459.60,453.40,936.90,941.19,424.84,100.80,535.48
573,1871.89,455.80,439.59,934.86,937.03,422.89,98.05,537.06
574,1855.68,453.70,445.14,926.68,929.00,422.25,98.13,534.69
575,1847.12,450.89,446.93,923.94,923.18,419.67,98.97,527.37
576,1843.16,447.27,440.81,919.49,923.67,415.73,97.96,528.53
577,1836.70,446.86,435.88,918.92,917.78,413.44,96.58,526.05
578,1825.72,446.89,432.74,911.67,914.05,411.59,95.92,521.25
579,1811.57,443.08,427.71,903.76,907.81,410.63,94.85,517.34
580,1796.20,436.88,429.77,894.12,902.08,407.98,95.60,508.34
581,1789.09,439.69,428.34,890.59,898.50,405.43,94.85,509.23
582,1777.74,433.14,427.09,887.51,890.23,401.82,94.66,511.16
583,1771.69,433.97,425.50,884.04,887.65,397.85,94.90,512.33
584,1763.22,425.89,416.35,880.01,883.21,397.02,92.08,503.47
585,1753.68,427.15,420.86,876.02,877.66,395.41,93.76,501.62
586,1747.39,426.42,415.68,871.90,875.49,393.61,92.25,500.65
587,1736.65,423.39,413.11,864.28,872.37,392.83,91.71,498.64
588,1726.37,421.17,403.05,860.58,865.79,389.86,89.87,495.84
589,1708.25,417.02,406.79,851.52,856.73,390.19,90.89,494.93
590,1698.02,412.77,410.56,848.52,849.50,385.92,91.49,492.49
591,1695.81,415.74,404.42,844.58,851.23,384.73,89.66,495.31
592,1684.49,412.01,404.77,840.23,844.26,383.03,89.85,492.97
593,1677.25,409.48,402.43,836.89,840.36,380.40,89.38,480.07
594,1670.20,408.33,399.50,834.14,836.06,374.66,88.56,479.09
595,1661.37,403.46,394.88,830.22,831.15,371.57,87.63,478.53
596,1652.79,401.87,398.67,825.48,827.31,372.63,88.41,474.49
597,1649.59,399.66,386.08,821.68,827.91,369.57,85.68,476.05
598,1636.01,398.53,389.79,814.72,821.29,369.49,86.91,474.24
599,1627.27,397.17,387.64,810.00,817.27,368.48,86.50,480.06
600,1617.74,392.95,384.85,806.96,810.78,365.74,85.72,477.10
601,1609.64,393.42,381.93,805.08,804.56,363.63,84.84,467.48
602,1598.15,389.72,382.07,799.68,798.47,363.16,84.97,464.69
603,1590.50,391.48,382.90,795.71,794.79,359.73,85.16,461.18
604,1581.92,384.09,377.50,790.37,791.55,358.31,83.83,458.05
605,1575.33,384.09,379.91,786.89,788.44,357.18,84.60,463.23
606,1571.15,385.29,372.95,784.83,786.32,354.07,83.08,461.59
607,1558.81,377.92,365.21,779.48,779.33,352.24,81.59,462.29
608,1546.10,376.78,362.36,772.95,773.15,349.42,81.01,459.37
609,1531.68,376.03,365.63,765.65,766.03,347.76,81.51,453.92
610,1521.28,371.80,365.27,761.77,759.51,346.90,80.84,449.98
611,1514.75,369.40,363.92,757.76,756.99,344.11,80.97,443.75
612,1509.27,367.57,368.61,757.80,751.47,342.88,81.84,449.16
613,1510.31,370.04,365.01,758.32,751.99,340.69,80.90,448.49
614,1505.28,368.12,358.42,755.48,749.80,337.83,79.58,448.25
615,1495.58,364.43,358.79,749.99,745.59,335.90,79.73,454.73
616,1489.94,366.37,353.86,746.80,743.14,334.73,78.39,455.01
617,1477.43,361.05,350.95,741.42,736.01,330.38,78.06,449.86
618,1467.33,360.19,348.85,737.18,730.15,330.02,77.58,449.27
619,1455.99,356.34,353.16,728.10,727.89,330.85,78.58,451.90
620,1452.81,353.47,344.61,728.57,724.24,327.11,76.74,448.98
621,1443.95,352.06,345.57,723.87,720.08,326.99,77.34,449.38
622,1437.46,350.20,347.42,718.17,719.29,324.03,77.08,446.27
623,1434.68,349.96,342.24,718.34,716.34,321.90,76.19,448.21
624,1426.96,345.67,339.58,712.46,714.50,320.10,75.12,446.54
625,1420.87,344.91,338.24,711.04,709.83,321.21,75.11,444.88
626,1414.20,342.20,341.82,707.10,707.10,319.59,76.05,445.16
627,1413.82,345.60,335.17,707.63,706.19,318.47,74.57,452.50
628,1403.39,341.30,338.02,701.90,701.49,318.81,75.22,448.38
629,1400.11,342.80,333.82,700.41,699.70,318.27,74.21,450.77
630,1391.13,341.53,328.59,694.38,696.75,314.71,73.21,451.49
631,1378.19,335.29,327.75,689.45,688.74,310.59,73.06,452.95
632,1370.65,334.62,326.36,684.98,685.67,310.53,72.60,448.33
633,1362.39,331.21,328.09,682.53,679.86,308.59,72.77,447.98
634,1359.27,330.58,331.74,679.87,679.40,306.96,73.21,450.95
635,1360.43,332.53,321.44,679.11,681.32,306.72,71.72,452.31
636,1349.34,327.82,325.26,672.88,676.46,304.09,72.20,446.12
637,1346.78,329.53,316.98,670.95,675.83,301.17,70.51,449.24
638,1334.23,326.91,313.21,664.29,669.94,297.52,69.46,446.83
639,1320.53,323.26,306.44,656.17,664.36,296.84,68.24,444.72
640,1303.71,318.90,314.45,648.81,654.90,297.20,70.06,436.05
641,1299.26,317.24,310.11,647.46,651.80,294.77,68.67,427.95
642,1292.13,313.89,301.14,645.27,646.86,294.39,67.05,426.82
643,1279.38,311.51,306.66,639.53,639.85,292.29,68.27,423.54
644,1274.53,310.71,305.76,636.26,638.27,290.99,67.85,415.64
645,1269.58,309.83,306.24,632.53,637.05,287.69,68.35,414.64
646,1265.99,309.28,300.21,632.23,633.76,285.21,66.75,412.52
647,1256.92,306.54,296.14,627.44,629.48,282.37,65.84,413.90
648,1246.52,302.83,304.40,622.24,624.28,281.90,67.12,416.33
649,1248.09,304.55,294.64,624.71,623.38,280.78,65.16,414.50
650,1238.18,303.33,300.34,619.14,619.04,278.82,66.93,413.27
651,1235.19,300.22,298.22,616.58,618.61,278.29,66.03,415.55
652,1233.19,300.46,295.74,616.79,616.40,276.47,65.84,419.15
653,1228.47,302.55,290.41,614.27,614.20,273.50,64.59,418.68
654,1216.33,297.68,283.84,606.94,609.39,272.67,63.33,412.75
655,1202.49,294.13,284.60,600.94,601.55,272.46,63.32,413.95
656,1192.96,291.28,285.23,595.31,597.65,271.18,63.18,406.11
657,1186.91,291.83,290.03,591.05,595.86,269.89,64.10,410.22
658,1185.11,289.86,280.77,591.75,593.36,268.80,62.28,411.78
659,1176.02,286.34,289.62,589.12,586.90,266.47,63.97,407.23
660,1179.30,291.37,278.12,591.98,587.32,263.86,61.96,407.49
661,1166.05,282.62,276.65,583.43,582.62,261.16,61.78,401.64
662,1160.08,283.25,272.29,579.97,580.11,259.14,60.47,405.24
663,1149.12,279.56,273.09,574.64,574.48,258.63,60.66,404.22
664,1142.65,277.13,280.67,571.97,570.68,258.51,62.16,398.39
665,1146.19,278.32,278.84,571.66,574.53,259.34,62.18,401.63
666,1146.71,280.72,271.79,574.36,572.35,258.63,60.20,402.02
667,1137.78,276.11,266.68,570.19,567.59,257.89,59.28,401.88
668,1128.35,272.56,270.34,565.54,562.81,254.61,60.26,401.81
669,1126.13,276.96,265.46,563.74,562.39,254.01,58.88,406.01
670,1114.63,273.93,266.75,557.04,557.59,252.85,59.33,408.61
671,1107.45,269.67,268.60,553.70,553.75,251.59,59.87,410.06
672,1106.38,268.84,268.36,552.49,553.89,249.20,59.34,409.76
673,1105.90,269.90,262.53,551.90,554.00,248.14,58.24,408.37
674,1098.53,266.99,261.60,548.81,549.72,246.90,58.37,411.08
675,1093.14,267.54,257.61,546.74,546.40,244.39,57.14,404.48
676,1083.21,264.75,261.45,542.36,540.85,243.38,58.03,395.73
677,1079.91,264.29,256.76,539.66,540.25,243.79,57.41,394.18
678,1072.38,264.81,260.12,535.11,537.27,243.80,57.99,391.74
679,1067.69,261.21,250.21,531.50,536.19,239.53,55.60,387.09
680,1056.69,256.62,250.81,528.21,528.48,238.82,55.68,390.64
681,1050.88,256.32,245.19,524.86,526.02,237.41,54.54,393.31
682,1039.75,251.95,245.85,520.35,519.40,237.38,54.39,395.83
683,1033.65,252.06,248.07,516.15,517.50,236.47,55.10,394.90
684,1029.66,249.68,247.28,515.09,514.57,235.51,55.10,384.31
685,1027.26,249.78,248.85,512.87,514.39,235.82,55.37,383.35
686,1026.33,250.20,244.27,511.95,514.38,232.83,54.39,383.91
687,1020.40,249.25,237.20,508.99,511.41,231.09,52.91,382.81
688,1008.35,245.47,238.84,504.20,504.15,229.49,53.06,383.83
689,1001.72,245.78,244.58,499.20,502.52,227.68,54.40,381.74
690,1000.52,243.70,236.61,500.82,499.70,225.14,52.62,381.13
691,993.43,242.71,233.77,495.94,497.49,224.93,52.14,377.03
692,984.49,242.42,236.45,491.69,492.80,221.75,52.58,373.00
693,978.52,238.01,227.44,489.00,489.52,220.01,50.80,375.41
694,967.95,234.96,231.18,485.67,482.28,219.62,51.18,374.29
695,964.17,235.32,231.02,483.03,481.14,219.99,51.06,371.31
696,959.87,233.78,230.48,477.97,481.90,218.96,51.24,363.44
697,956.57,233.86,227.40,477.82,478.75,216.84,50.62,359.48
698,950.11,233.42,230.07,474.71,475.40,217.41,51.35,357.46
699,946.76,230.69,226.39,471.22,475.54,214.06,50.53,357.28
700,942.46,228.37,226.10,470.57,471.89,212.49,50.20,360.75
701,940.19,230.50,225.39,470.07,470.12,211.90,50.18,361.87
702,935.08,228.51,223.60,469.52,465.56,210.24,49.55,360.72
703,930.17,227.02,216.42,464.61,465.56,208.79,48.03,358.79
704,919.57,224.36,214.99,459.00,460.57,208.16,47.90,352.68
705,910.20,221.09,217.33,452.54,457.66,207.63,48.15,357.05
706,906.44,222.53,219.63,450.74,455.70,207.19,48.77,359.01
707,903.54,218.32,214.18,449.28,454.26,205.55,47.88,359.94
708,899.40,219.58,218.77,447.99,451.41,205.52,48.20,357.82
709,898.59,220.38,215.63,449.52,449.07,203.30,47.93,353.63
710,893.84,216.78,212.95,446.28,447.56,200.18,47.38,353.11
711,890.01,217.75,209.94,443.64,446.37,201.73,46.62,350.44
712,882.20,215.25,215.25,440.90,441.30,200.06,47.55,348.19
713,882.20,214.27,205.73,440.09,442.11,197.21,45.70,347.26
714,873.66,213.19,202.65,437.19,436.47,197.02,45.22,348.26
715,863.12,212.10,202.92,432.54,430.58,197.21,45.17,343.18
716,853.94,207.64,207.49,427.90,426.04,195.29,46.40,341.89
717,853.79,208.54,207.81,428.66,425.13,194.26,46.49,339.74
718,853.06,208.24,205.56,428.35,424.71,193.71,45.67,341.41
719,850.38,208.73,206.44,426.77,423.61,192.61,45.70,341.94
720,848.09,206.22,199.04,426.59,421.50,190.14,44.12,342.94
721,840.91,205.01,194.63,423.64,417.27,186.30,43.02,344.28
722,830.53,202.80,195.60,418.20,412.33,186.09,43.41,336.12
723,823.33,201.70,196.64,414.62,408.71,186.33,43.75,333.69
724,818.27,202.20,199.05,410.46,407.81,186.32,44.38,334.82
725,815.12,198.18,197.73,407.95,407.17,185.45,43.97,333.61
726,814.67,195.87,195.97,407.93,406.74,183.03,43.74,335.54
727,814.77,200.40,196.04,407.89,406.88,182.65,43.68,332.38
728,810.41,199.20,192.59,403.99,406.42,182.08,42.91,332.51
729,803.80,195.38,189.05,401.33,402.47,180.62,41.78,328.95
730,797.47,194.93,187.31,398.84,398.63,180.35,41.68,328.66
731,789.85,192.31,197.47,395.80,394.05,180.19,43.47,322.18
732,795.01,192.92,189.11,397.78,397.23,177.99,41.87,328.20
733,791.20,193.17,189.19,397.16,394.04,177.57,41.79,326.76
734,787.22,192.45,183.08,395.30,391.92,177.03,40.78,326.00
735,777.85,188.17,186.43,390.60,387.25,175.69,41.58,324.64
736,776.11,188.29,185.60,391.15,384.96,174.58,41.09,327.39
737,773.42,189.66,184.19,389.17,384.25,175.21,41.01,325.22
738,767.95,186.75,186.76,384.11,383.84,175.13,41.63,328.16
739,767.96,187.72,185.32,384.62,383.34,174.43,41.19,325.18
740,765.56,186.55,183.18,382.43,383.13,172.76,40.64,321.59
741,762.19,183.76,181.83,379.93,382.26,171.80,40.57,318.59
742,760.26,186.20,180.03,380.26,380.00,171.28,39.89,324.44
743,754.09,184.76,181.30,376.88,377.21,169.31,39.99,328.09
744,750.63,183.99,178.48,376.63,374.00,168.14,39.80,332.57
745,745.12,179.93,176.16,373.47,371.65,168.12,39.04,328.54
746,741.35,179.24,177.06,370.80,370.55,167.51,39.43,322.21
747,739.17,180.76,174.79,369.18,369.99,167.60,38.97,323.78
748,733.20,179.47,175.19,366.65,366.55,166.28,38.93,321.97
749,728.92,179.14,174.60,365.60,363.32,165.21,38.99,324.20
750,724.38,177.56,176.93,363.07,361.31,164.47,39.36,325.96
751,723.75,175.99,173.89,363.70,360.05,163.21,38.78,328.06
752,721.65,177.49,171.92,362.36,359.29,162.08,38.22,333.21
753,716.08,175.12,171.36,359.67,356.41,159.30,38.13,328.81
754,712.32,174.23,167.30,356.44,355.88,157.46,37.00,322.23
755,705.39,170.67,165.57,353.57,351.82,157.75,36.70,318.44
756,700.29,172.82,166.15,350.61,349.68,157.85,36.99,316.91
757,693.62,169.59,173.13,347.32,346.30,157.41,38.27,315.85
758,697.16,169.31,168.43,348.76,348.40,157.26,37.44,314.74
759,696.28,170.16,165.81,349.02,347.26,157.78,36.88,317.97
760,691.93,169.04,167.46,347.06,344.87,156.32,37.02,317.26
761,690.35,168.59,164.71,346.44,343.91,154.97,36.54,315.31
762,686.47,167.79,163.88,345.72,340.75,153.64,36.69,315.97
763,682.56,166.78,163.15,343.28,339.28,152.49,36.35,315.54
764,678.93,167.13,165.36,341.94,336.99,152.34,36.70,317.34
765,677.16,164.46,160.62,339.47,337.69,151.50,35.72,318.29
766,673.32,164.84,161.16,337.57,335.75,151.77,35.81,311.77
767,669.64,162.79,165.82,335.59,334.05,152.06,36.43,308.93
768,672.67,161.56,163.07,336.30,336.37,150.91,36.23,310.86
769,674.18,165.32,162.22,336.90,337.28,150.32,36.05,308.58
770,671.08,164.13,161.71,335.29,335.79,150.76,35.79,305.85
771,668.66,160.80,155.50,333.89,334.77,149.77,34.52,303.73
772,663.36,162.28,158.96,330.46,332.90,149.06,35.18,305.96
773,660.04,161.76,158.35,329.51,330.53,149.22,35.09,303.07
774,656.63,158.42,154.69,328.78,327.85,148.16,34.49,301.95
775,652.90,160.32,159.84,328.25,324.65,148.59,35.55,303.33
776,652.42,160.14,158.93,327.69,324.73,148.04,35.32,304.59
777,651.21,158.59,153.02,326.14,325.07,145.32,33.98,299.81
778,645.64,158.11,159.26,322.17,323.47,145.10,35.22,302.93
779,646.79,157.96,151.08,323.91,322.88,144.29,33.79,305.07
780,639.91,156.40,149.35,321.51,318.40,143.15,33.42,298.69
781,632.86,153.77,151.31,318.38,314.48,143.30,33.50,302.22
782,630.40,155.21,152.28,316.42,313.98,144.12,34.06,300.60
783,627.47,153.70,149.66,313.28,314.19,143.03,33.22,299.38
784,623.43,151.54,152.01,311.31,312.12,142.91,33.82,299.39
785,623.90,154.26,146.99,312.48,311.42,142.15,32.69,297.73
786,616.63,152.16,146.46,308.63,308.00,139.47,32.23,299.41
787,610.93,149.15,142.75,305.18,305.75,136.71,31.65,302.04
788,604.53,148.56,145.64,302.80,301.73,136.68,32.32,299.50
789,601.61,146.30,145.39,301.82,299.79,135.66,32.12,300.26
790,600.70,145.00,146.68,301.56,299.14,136.16,32.72,307.26
791,602.38,146.39,148.03,300.54,301.84,136.14,32.83,306.34
792,604.02,146.77,142.36,301.30,302.72,134.81,31.57,312.09
793,599.61,145.66,142.17,297.78,301.83,134.25,31.71,308.88
794,596.12,146.83,142.32,296.09,300.03,134.27,31.44,311.52
795,591.61,145.40,140.95,293.51,298.10,132.75,31.29,304.43
796,587.16,144.10,135.27,292.70,294.46,131.81,30.35,307.23
797,578.33,141.75,139.85,288.25,290.08,132.21,31.03,305.82
798,576.43,141.35,142.63,287.80,288.63,131.69,31.54,304.57
799,577.71,141.78,141.55,287.82,289.89,130.69,31.43,304.84
800,577.48,139.37,135.21,289.31,288.17,129.43,30.21,307.14
801,573.32,140.23,135.25,289.58,283.74,127.22,30.04,303.29
802,568.34,136.98,135.76,287.44,280.90,126.61,30.22,298.14
803,567.12,139.36,135.49,287.16,279.96,126.69,29.96,297.96
804,563.25,138.57,136.95,281.93,281.32,126.08,30.40,294.15
805,561.63,136.11,137.67,282.28,279.35,126.73,30.41,294.09
806,563.19,137.11,134.89,281.40,281.79,126.19,29.98,297.08
807,560.97,135.61,133.27,280.41,280.56,125.27,29.52,297.46
808,558.63,136.72,135.08,279.57,279.06,125.37,30.03,295.41
809,556.99,135.06,132.61,277.70,279.29,123.20,29.57,292.38
810,554.54,135.06,132.39,278.52,276.02,123.72,29.52,291.09
811,551.87,134.95,130.18,276.13,275.74,124.43,28.71,290.35
812,547.10,134.19,129.51,275.07,272.03,123.67,28.94,287.87
813,542.42,132.49,126.56,271.65,270.77,122.18,28.07,287.26
814,536.49,132.22,129.82,267.99,268.50,122.94,29.06,281.21
815,534.09,131.61,131.11,266.37,267.72,121.49,29.10,279.13
816,533.59,130.49,126.25,265.42,268.17,119.97,27.74,280.98
817,529.35,129.80,124.39,262.34,267.01,119.25,27.64,284.36
818,523.94,126.52,128.09,260.76,263.18,118.93,28.31,281.83
819,525.51,126.70,125.18,262.04,263.47,117.77,27.97,284.13
820,523.99,128.50,123.60,262.35,261.64,117.40,27.51,278.77
821,519.09,125.29,124.15,259.96,259.13,117.56,27.66,273.79
822,517.95,126.83,123.62,259.36,258.59,117.80,27.61,275.08
823,514.74,124.44,123.38,257.92,256.82,114.80,27.56,271.30
824,513.68,122.91,120.90,257.47,256.21,114.58,26.59,275.89
825,511.67,125.54,125.37,255.52,256.15,116.01,27.81,276.27
826,511.50,126.80,123.02,255.46,256.04,115.53,27.06,276.40
827,507.72,124.34,122.05,252.99,254.73,115.24,27.28,273.51
828,505.43,124.43,116.75,252.96,252.47,113.90,25.82,272.55
829,497.75,120.65,119.36,248.28,249.47,112.96,26.21,264.72
830,496.46,119.87,119.55,246.39,250.07,112.13,26.57,267.75
831,496.14,120.57,115.35,244.85,251.29,111.95,25.74,266.49
832,490.92,119.24,119.24,243.21,247.71,112.69,26.42,270.76
833,490.92,117.84,116.67,243.92,247.00,111.78,25.93,274.15
834,489.75,117.63,116.16,244.06,245.69,111.54,25.99,277.17
835,488.28,119.95,114.26,243.43,244.85,111.24,25.64,273.86
836,482.59,117.50,113.55,240.33,242.26,111.24,25.04,270.29
837,478.64,115.60,115.54,239.59,239.05,109.11,25.63,266.76
838,478.58,116.25,116.83,241.53,237.05,109.24,25.95,266.67
839,479.16,117.76,114.07,239.51,239.65,108.98,25.36,268.10
840,475.47,116.89,115.69,237.77,237.70,107.40,25.75,268.26
841,474.27,115.04,110.95,238.66,235.61,106.00,24.71,272.58
842,470.18,114.04,112.93,236.05,234.13,105.28,25.04,267.94
843,469.07,113.17,114.89,236.32,232.75,105.86,25.55,267.31
844,470.79,114.41,118.41,236.58,234.21,106.74,26.31,270.67
845,474.79,116.43,113.19,238.19,236.60,106.01,25.12,277.99
846,471.55,114.84,109.51,237.05,234.50,105.23,24.40,273.04
847,466.22,114.32,112.10,234.11,232.11,104.97,25.05,270.08
848,464.00,113.38,112.79,232.03,231.97,104.24,24.78,276.27
849,463.41,113.20,109.69,231.36,232.05,103.53,24.07,279.36
850,459.90,113.45,110.91,228.63,231.27,103.59,24.64,275.33
851,457.36,112.43,108.32,228.72,228.64,102.54,24.15,272.03
852,453.25,111.42,106.41,226.84,226.41,101.25,23.54,269.22
853,448.24,108.75,109.22,223.39,224.85,101.22,24.19,266.82
854,448.71,108.98,108.98,222.40,226.31,102.03,24.12,263.62
855,448.71,109.49,106.69,221.73,226.98,101.42,23.80,265.29
856,445.91,109.39,105.69,220.78,225.13,101.59,23.34,265.24
857,442.21,107.74,106.90,219.59,222.62,100.31,23.59,264.53
858,441.37,107.15,103.33,219.32,222.05,99.03,23.00,264.25
859,437.55,105.67,107.47,217.47,220.08,99.12,24.01,261.90
860,439.35,106.16,105.69,217.47,221.88,99.95,23.45,262.68
861,438.88,108.44,105.18,215.56,223.32,100.41,23.24,260.50
862,435.62,106.09,102.88,214.25,221.37,98.68,22.92,257.89
863,432.41,105.33,98.95,213.95,218.46,97.95,22.03,257.65
864,426.03,105.00,101.00,210.24,215.79,97.25,22.47,259.81
865,422.03,103.03,98.94,208.83,213.20,95.97,22.16,260.59
866,417.94,101.71,94.70,207.29,210.65,95.92,21.03,254.60
867,410.93,100.64,96.00,204.98,205.95,95.21,21.43,253.27
868,406.29,97.86,101.74,201.92,204.37,94.89,22.48,253.03
869,410.17,98.61,94.12,203.26,206.91,93.35,20.72,254.28
870,405.68,98.95,99.06,200.67,205.01,93.79,21.95,253.29
871,405.79,99.51,98.65,202.05,203.74,93.03,21.68,261.39
872,409.02,99.77,95.06,204.24,204.78,92.07,21.06,258.74
873,404.31,98.09,94.90,203.03,201.28,91.34,21.13,255.55
874,401.12,97.20,95.52,199.41,201.71,91.12,21.16,256.88
875,399.43,97.38,94.42,198.45,200.98,90.66,21.10,253.85
876,396.47,96.31,96.31,197.44,199.03,90.12,21.28,245.71
877,396.47,96.93,92.62,196.82,199.66,90.47,20.79,252.72
878,392.16,95.80,92.02,195.08,197.08,89.02,20.79,251.57
879,388.38,94.86,96.33,193.87,194.52,88.99,21.49,253.80
880,389.86,94.70,91.35,195.17,194.69,88.45,20.29,255.30
881,386.52,93.33,92.74,192.06,194.45,86.77,20.54,256.01
882,385.92,93.83,90.15,191.98,193.94,86.19,20.03,257.65
883,382.24,93.65,91.28,189.47,192.77,85.10,20.09,258.19
884,379.88,93.85,88.86,188.51,191.37,84.73,19.57,256.42
885,374.89,91.85,88.11,185.81,189.08,84.37,19.62,252.90
886,371.15,90.03,89.76,184.53,186.63,83.81,19.79,250.28
887,370.88,90.63,89.28,184.84,186.04,84.20,19.79,249.18
888,369.54,91.99,89.47,184.61,184.93,84.49,19.79,250.79
889,367.02,89.29,88.40,183.18,183.84,82.67,19.72,254.47
890,366.13,90.04,87.60,183.52,182.62,82.56,19.41,254.03
891,363.69,89.20,88.91,183.08,180.61,81.96,19.71,250.07
892,363.39,89.00,83.48,182.19,181.20,81.08,18.46,249.19
893,357.88,86.77,84.96,180.19,177.69,79.88,18.86,246.09
894,356.07,85.14,86.88,178.35,177.72,80.57,19.30,243.12
895,357.81,86.33,86.92,179.51,178.30,81.25,19.28,249.54
896,358.39,86.35,83.09,179.62,178.78,80.60,18.48,246.84
897,355.13,87.00,86.02,178.46,176.67,81.04,19.10,247.42
898,354.15,86.07,86.08,177.64,176.52,80.14,19.06,245.22
899,354.16,86.75,85.20,177.30,176.86,79.23,18.95,247.45
900,352.62,87.16,84.52,176.36,176.25,78.42,18.73,245.26
901,349.97,85.24,82.67,175.19,174.78,78.15,18.33,242.75
902,347.39,84.61,84.37,173.85,173.55,77.80,18.59,238.02
903,347.16,84.95,80.22,173.71,173.45,76.43,17.83,242.32
904,342.43,84.45,81.09,171.70,170.74,76.88,18.06,233.90
905,339.07,81.66,81.89,170.69,168.38,76.09,18.03,230.14
906,339.30,82.29,78.81,170.56,168.75,75.51,17.55,230.60
907,335.82,81.83,79.70,168.05,167.77,75.93,17.76,227.15
908,333.69,81.90,79.18,166.72,166.97,76.28,17.51,224.55
909,330.97,81.94,82.56,165.96,165.01,76.20,18.33,223.66
910,331.59,80.21,80.45,166.71,164.88,75.66,17.80,224.07
911,331.83,80.68,82.14,165.89,165.94,74.99,18.26,226.60
912,333.29,80.80,84.40,166.83,166.46,74.19,18.71,227.35
913,336.90,81.63,79.83,168.83,168.07,74.43,17.82,230.69
914,335.10,81.74,80.62,167.84,167.26,74.18,17.95,235.16
915,333.98,81.21,77.75,168.18,165.80,74.07,17.20,236.02
916,330.52,80.70,81.39,166.71,163.81,74.44,18.10,234.11
917,331.21,81.44,77.49,165.97,165.24,73.44,17.25,234.88
918,327.26,79.75,77.99,165.36,161.90,72.76,17.33,233.05
919,325.51,79.45,77.34,164.68,160.83,73.17,17.34,234.06
920,323.39,79.84,79.46,162.54,160.86,73.72,17.57,229.97
921,323.02,78.70,73.71,162.10,160.92,73.05,16.43,232.66
922,318.03,77.56,79.33,159.53,158.51,73.41,17.69,234.47
923,319.81,77.09,77.88,161.09,158.72,71.93,17.51,239.73
924,320.60,78.07,78.09,160.96,159.64,71.75,17.41,239.40
925,320.62,78.36,74.98,160.65,159.97,71.09,16.73,237.11
926,320.47,78.32,77.26,161.37,159.10,72.32,17.27,233.99
927,319.41,78.13,74.40,160.17,159.23,71.89,16.47,235.23
928,315.67,77.04,74.63,157.61,158.06,71.13,16.65,233.32
929,313.27,77.52,76.77,156.00,157.27,71.08,17.00,230.85
930,312.51,76.48,76.48,155.74,156.77,70.82,16.85,230.92
931,312.51,75.45,76.04,155.52,156.99,70.96,16.71,233.81
932,313.10,75.66,75.06,155.08,158.02,70.71,16.64,236.75
933,312.50,76.54,72.84,155.72,156.78,69.82,16.15,235.96
934,308.80,74.06,72.40,153.68,155.11,68.38,15.97,230.37
935,307.13,75.84,71.84,151.98,155.15,67.72,15.92,224.56
936,303.13,74.82,73.97,150.16,152.97,67.96,16.28,221.34
937,302.29,73.49,70.93,150.45,151.84,68.40,16.01,221.33
938,299.72,73.60,73.91,150.28,149.45,68.96,16.35,220.02
939,300.03,72.58,72.60,150.82,149.21,67.68,16.12,222.62
940,300.05,73.36,73.17,151.62,148.43,67.17,16.17,220.96
941,299.87,72.81,71.17,151.05,148.82,67.20,15.86,219.39
942,298.23,73.30,72.70,149.53,148.70,66.34,15.99,220.50
943,297.64,73.79,70.43,150.35,147.30,66.10,15.67,219.70
944,294.29,71.92,71.37,148.37,145.92,66.31,15.69,221.20
945,293.73,72.09,70.24,147.21,146.52,66.27,15.60,219.91
946,291.89,70.59,70.37,146.13,145.76,66.27,15.66,222.65
947,291.66,72.12,68.92,146.40,145.27,65.95,15.29,225.14
948,288.46,71.24,67.28,144.56,143.90,65.02,14.99,220.07
949,287.42,69.87,69.85,145.20,142.23,65.33,15.61,214.57
950,287.40,70.91,70.16,144.28,143.12,64.91,15.49,211.97
951,286.66,70.64,71.02,144.03,142.63,64.36,15.82,211.30
952,287.04,70.38,66.93,144.54,142.51,63.59,14.89,207.14
953,283.59,69.31,68.19,143.26,140.33,62.68,15.13,205.94
954,282.46,69.60,68.32,141.66,140.80,62.43,15.04,201.96
955,281.19,69.06,65.06,141.45,139.73,61.76,14.38,200.38
956,277.19,67.32,65.05,139.74,137.44,61.75,14.26,201.04
957,274.92,67.89,65.59,137.90,137.02,62.35,14.71,202.64
958,272.62,66.41,66.60,136.80,135.81,62.33,14.84,199.31
959,272.80,67.32,63.63,136.57,136.24,61.65,14.15,203.24
960,269.11,64.92,63.90,135.19,133.93,61.05,14.14,199.44
961,268.09,66.16,64.72,134.57,133.53,60.87,14.41,198.06
962,266.65,64.97,62.82,133.42,133.23,60.44,13.95,199.34
963,264.51,64.59,60.76,131.58,132.93,60.05,13.59,196.81
964,260.68,64.43,66.06,129.54,131.14,60.44,14.54,197.74
965,262.31,65.09,62.16,130.68,131.63,59.31,13.78,199.56
966,259.38,62.78,59.95,128.72,130.66,58.54,13.29,198.17
967,256.55,61.76,59.52,126.72,129.82,58.31,13.23,204.02
968,254.30,62.74,61.21,126.19,128.11,58.42,13.52,200.34
969,252.76,61.62,58.69,125.85,126.92,57.05,12.93,198.78
970,249.84,61.05,60.45,124.43,125.40,57.78,13.43,199.73
971,249.24,59.85,58.27,124.22,125.02,57.48,12.85,193.73
972,247.66,60.05,59.78,123.45,124.21,57.33,13.36,192.62
973,247.39,60.40,61.36,123.98,123.41,56.92,13.55,192.22
974,248.35,60.52,59.98,123.27,125.08,56.53,13.34,195.53
975,250.40,60.92,57.86,123.93,126.47,56.84,12.95,197.16
976,247.34,60.55,59.36,121.97,125.38,56.44,13.17,197.24
977,246.16,58.97,56.21,122.78,123.38,55.30,12.44,198.14
978,243.40,58.98,56.89,121.62,121.77,55.01,12.69,197.40
979,241.30,58.83,57.98,120.69,120.61,54.64,13.01,194.88
980,240.45,59.56,57.18,121.57,118.88,55.08,12.77,191.79
981,238.06,57.57,60.88,119.94,118.12,55.18,13.34,189.71
982,241.36,60.30,58.81,121.42,119.95,54.84,12.96,193.53
983,239.88,58.56,55.77,120.21,119.67,53.68,12.46,190.52
984,237.08,58.28,55.19,118.39,118.70,52.95,12.29,189.80
985,233.99,57.42,55.86,116.47,117.52,52.20,12.42,188.15
986,232.44,56.16,53.76,115.55,116.89,52.11,12.11,187.94
987,230.04,55.97,57.94,115.00,115.04,52.47,12.82,184.15
988,232.01,56.51,57.91,116.61,115.40,52.82,12.89,185.79
989,233.41,56.88,54.56,117.72,115.69,51.96,12.14,187.31
990,231.09,55.35,57.05,116.43,114.67,51.90,12.74,188.18
991,232.79,57.74,57.14,117.90,114.90,51.14,12.70,191.36
992,232.19,55.46,56.47,118.14,114.05,50.83,12.42,188.80
993,233.20,56.24,53.72,118.32,114.88,50.74,11.72,189.59
994,230.68,57.99,55.16,116.27,114.41,51.46,12.29,185.15
995,227.84,56.21,55.99,114.79,113.05,50.53,12.55,181.09
996,227.62,55.72,56.81,114.97,112.66,49.53,12.52,183.68
997,228.72,56.00,53.16,114.44,114.28,49.66,11.76,186.88
998,228.25,56.02,52.15,114.21,114.04,50.06,11.59,189.01
999,224.38,53.09,54.39,112.82,111.56,49.95,11.95,186.05
1000,225.67,54.75,53.17,113.99,111.68,50.82,11.77,187.58
1001,224.09,55.03,56.33,113.15,110.95,50.26,12.59,184.01
1002,225.39,55.09,53.57,114.47,110.92,50.63,11.92,188.41
1003,223.86,55.16,54.74,114.01,109.85,50.21,12.21,186.82
1004,223.44,54.24,54.79,113.81,109.63,49.20,12.01,187.38
1005,223.99,54.34,52.38,113.12,110.87,49.74,11.68,188.86
1006,224.39,54.90,56.31,113.09,111.31,50.36,12.53,186.28
1007,225.80,54.91,53.56,113.44,112.36,50.48,11.91,185.66
1008,226.86,55.76,56.76,113.94,112.92,50.39,12.49,183.47
1009,227.86,57.71,53.27,115.09,112.77,50.32,11.91,182.32
1010,223.42,54.38,53.57,112.69,110.73,49.52,11.88,178.60
1011,222.61,54.63,52.35,111.81,110.81,48.88,11.71,178.93
1012,222.73,54.25,53.25,111.41,111.32,49.46,11.84,178.71
1013,221.73,55.02,51.11,110.38,111.35,49.34,11.33,173.29
1014,217.82,53.33,52.48,107.72,110.10,49.08,11.63,169.23
1015,216.97,53.37,53.29,106.70,110.27,49.50,11.92,168.36
1016,216.89,52.92,52.50,106.96,109.93,48.51,11.71,165.82
1017,218.85,53.27,50.48,109.42,109.43,47.93,11.27,167.16
1018,216.05,52.20,49.93,107.76,108.30,47.41,11.09,165.41
1019,213.79,50.82,50.27,106.43,107.36,47.85,11.20,168.66
1020,213.24,51.92,50.33,106.45,106.79,48.82,11.14,167.76
1021,214.00,52.36,52.46,107.59,106.41,49.72,11.66,168.27
1022,214.10,52.24,52.26,106.44,107.66,49.80,11.74,167.96
1023,214.11,52.22,53.91,106.38,107.73,49.36,12.10,166.68
1024,215.80,53.21,50.47,107.33,108.47,48.44,11.20,170.10
1025,213.06,51.48,48.92,106.00,107.06,47.20,10.89,167.79
1026,210.50,51.10,50.77,104.87,105.63,46.62,11.33,163.42
1027,210.17,51.38,50.70,104.99,105.18,47.00,11.20,164.58
1028,209.49,50.68,48.90,104.03,105.46,46.40,10.89,169.86
1029,207.71,49.99,47.99,102.42,105.29,46.61,10.67,169.82
1030,205.71,49.52,48.74,101.81,103.90,47.23,10.87,168.88
1031,204.93,51.03,48.62,100.63,104.30,47.20,10.79,166.70
1032,204.80,50.36,48.48,100.65,104.15,47.30,10.89,165.27
1033,202.92,49.35,48.18,99.37,103.55,46.75,10.69,160.71
1034,201.75,50.03,47.58,100.15,101.61,46.52,10.60,162.87
1035,199.30,49.30,48.24,98.71,100.60,45.79,10.81,160.53
1036,198.24,48.71,47.00,98.18,100.06,45.36,10.31,159.33
1037,196.53,48.22,46.55,97.66,98.87,44.71,10.40,158.16
1038,194.85,47.67,46.09,97.47,97.38,44.29,10.45,157.54
1039,193.27,47.55,47.22,96.89,96.38,44.10,10.51,157.25
1040,192.94,46.44,46.92,96.57,96.37,43.44,10.44,157.15
1041,193.43,46.25,47.66,97.29,96.13,42.80,10.54,159.61
1042,194.84,47.52,43.58,98.22,96.62,43.08,9.57,159.19
1043,190.91,45.96,45.19,96.30,94.61,42.85,10.04,159.12
1044,190.15,47.11,44.26,95.76,94.38,42.85,9.80,159.01
1045,187.29,45.89,47.36,93.92,93.37,42.82,10.60,156.41
1046,188.76,46.57,44.48,94.85,93.91,43.08,9.79,159.10
1047,186.67,45.11,43.48,93.73,92.94,42.71,9.87,154.35
1048,185.04,45.39,42.82,92.61,92.44,42.03,9.53,152.98
1049,182.47,43.67,42.30,91.81,90.66,41.38,9.38,153.22
1050,181.10,44.11,43.27,91.83,89.27,41.10,9.56,152.11
1051,180.26,44.02,45.80,90.15,90.11,41.48,10.09,150.50
1052,182.03,44.47,44.28,91.21,90.82,41.75,9.78,152.43
1053,183.91,44.74,43.51,91.82,92.09,41.76,9.53,150.19
1054,184.78,45.16,45.37,92.14,92.64,41.55,9.98,147.56
1055,187.14,45.51,42.98,93.28,93.86,41.92,9.60,148.76
1056,184.60,45.24,43.66,92.01,92.59,41.15,9.74,148.05
1057,185.18,45.21,43.40,92.36,92.81,41.68,9.56,145.84
1058,183.36,45.38,44.18,91.13,92.24,41.55,9.59,144.54
1059,182.16,44.59,44.40,91.14,91.02,41.25,9.86,145.15
1060,181.98,45.33,41.61,90.09,91.88,41.20,9.26,149.19
1061,178.26,43.61,41.66,88.11,90.15,40.74,9.26,145.02
1062,176.31,42.73,43.39,86.99,89.32,40.31,9.74,143.54
1063,176.96,43.68,45.69,87.26,89.71,39.91,10.08,142.06
1064,178.98,43.75,39.53,88.73,90.25,38.75,8.86,142.49
1065,174.75,42.20,39.96,86.31,88.45,39.96,8.93,135.54
1066,172.52,42.36,41.85,85.38,87.14,39.62,9.27,135.45
1067,172.00,42.51,38.31,85.92,86.08,38.76,8.52,136.36
1068,167.80,40.86,38.89,83.99,83.81,38.15,8.72,131.85
1069,165.84,40.09,40.01,83.29,82.54,38.61,8.76,132.19
1070,165.75,40.04,40.01,82.98,82.78,38.59,8.92,134.84
1071,165.73,40.29,39.40,83.36,82.36,37.76,8.73,136.68
1072,164.84,39.98,39.45,83.16,81.67,37.81,8.71,137.63
1073,164.31,39.28,40.45,83.08,81.22,37.54,9.00,137.46
1074,165.47,39.95,38.80,83.36,82.11,37.38,8.74,135.80
1075,164.32,41.81,38.91,83.12,81.20,36.85,8.62,133.46
1076,161.41,39.71,38.35,80.66,80.75,36.45,8.71,130.80
1077,160.06,38.62,39.54,80.13,79.93,35.49,8.74,131.60
1078,160.98,39.46,40.69,80.55,80.42,35.52,9.08,131.08
1079,164.14,40.64,37.19,82.36,81.79,35.80,8.40,133.60
1080,160.69,38.00,34.82,80.60,80.10,35.29,7.75,133.63
1081,157.51,38.52,38.32,78.87,78.64,35.18,8.57,132.02
1082,157.31,38.25,37.36,78.64,78.67,35.25,8.19,131.86
1083,156.42,37.93,38.68,78.30,78.12,35.71,8.48,131.29
1084,157.17,38.29,39.45,78.57,78.60,36.01,8.68,131.58
1085,158.33,38.17,40.54,79.49,78.85,36.31,9.08,131.99
1086,160.70,39.79,37.18,79.69,81.01,35.46,8.24,133.15
1087,158.10,38.33,36.56,78.75,79.35,35.00,8.13,131.55
1088,156.32,37.69,37.37,77.70,78.62,34.37,8.31,130.54
1089,156.00,37.71,36.12,77.92,78.08,34.62,8.17,130.88
1090,154.40,37.65,35.52,76.77,77.63,34.71,7.96,130.00
1091,154.11,38.57,38.08,76.54,77.57,35.83,8.40,124.85
1092,153.63,37.36,37.73,76.27,77.36,35.45,8.57,121.26
1093,154.00,36.89,36.10,76.28,77.72,34.92,7.99,125.15
1094,153.20,36.73,36.24,76.06,77.14,34.86,7.98,125.89
1095,152.71,36.69,32.70,76.19,76.52,34.22,7.36,128.25
1096,148.72,35.25,36.07,74.05,74.67,34.06,8.08,125.42
1097,149.54,37.19,34.76,74.31,75.23,34.83,7.61,128.00
1098,147.11,36.77,35.11,73.16,73.95,34.30,7.70,124.58
1099,147.22,35.44,35.09,73.39,73.83,34.20,7.76,124.11
1100,146.87,34.82,35.16,72.85,74.01,33.99,7.83,122.93
1101,149.02,36.16,37.46,74.57,74.46,34.90,8.27,120.61
1102,150.32,37.51,36.56,74.99,75.33,34.90,8.17,120.17
1103,149.37,36.65,35.96,74.96,74.41,33.68,8.06,120.40
1104,148.68,35.58,36.94,73.40,75.28,33.40,8.12,123.90
1105,151.91,38.12,34.78,74.69,77.22,33.60,7.71,126.96
1106,148.56,36.80,34.85,72.99,75.57,32.39,7.89,123.28
1107,146.61,35.88,34.01,71.86,74.75,33.14,7.51,122.38
1108,144.75,34.34,32.45,71.50,73.25,33.26,7.28,122.24
1109,142.86,35.19,32.84,70.75,72.11,33.22,7.38,120.16
1110,140.51,33.44,33.84,69.56,70.95,33.62,7.47,118.79
1111,140.91,33.61,35.94,69.54,71.38,33.44,7.93,120.79
1112,145.05,35.10,35.97,72.58,72.47,33.58,8.00,122.08
1113,145.92,36.24,34.59,73.23,72.70,33.03,7.77,122.43
1114,146.13,35.95,34.72,74.19,71.94,32.63,7.78,121.52
1115,144.90,35.88,35.58,73.47,71.42,31.79,7.87,121.53
1116,144.59,33.90,34.41,73.22,71.37,32.21,7.77,121.88
1117,145.10,35.51,36.41,72.94,72.17,33.15,8.03,122.93
1118,146.00,35.76,37.71,73.42,72.58,33.06,8.44,122.43
1119,147.95,36.42,34.88,74.58,73.37,32.90,7.78,126.43
1120,148.31,36.70,33.75,74.82,73.49,32.40,7.57,126.53
1121,145.36,36.12,34.70,73.78,71.58,32.25,7.87,123.56
1122,143.95,33.60,37.21,72.51,71.44,32.16,8.27,122.57
1123,147.56,36.04,37.21,74.23,73.32,32.60,8.12,127.33
1124,148.73,37.25,35.94,75.00,73.73,33.75,8.06,130.00
1125,147.42,36.12,36.03,74.74,72.68,33.42,7.97,130.37
1126,149.26,36.46,34.51,74.97,74.29,33.13,7.70,131.41
1127,147.32,35.03,36.01,73.22,74.09,32.64,7.99,130.24
1128,148.30,37.46,35.11,74.16,74.14,33.39,7.82,134.17
1129,147.89,35.31,33.35,74.08,73.81,33.25,7.40,128.26
1130,145.93,35.72,35.61,73.41,72.52,34.08,7.77,126.60
1131,145.83,35.69,33.29,73.48,72.35,33.71,7.44,127.36
1132,145.36,35.72,37.57,73.09,72.27,34.18,8.34,125.86
1133,147.22,36.51,36.19,74.31,72.91,33.39,8.23,125.47
1134,146.89,35.20,36.32,74.68,72.22,33.28,8.01,126.84
1135,148.01,36.61,35.62,75.00,73.01,32.99,8.12,124.66
1136,149.04,36.81,37.10,75.21,73.84,33.32,8.11,124.29
1137,149.33,36.12,34.34,75.08,74.25,32.52,7.63,123.34
1138,147.55,35.10,37.74,74.86,72.68,32.78,8.30,124.88
1139,150.19,37.04,35.27,75.93,74.26,32.40,7.78,128.49
1140,148.42,36.49,37.27,75.15,73.27,32.23,8.26,129.47
1141,149.21,36.55,36.52,74.68,74.52,32.79,8.05,130.78
1142,149.18,36.97,35.73,74.44,74.74,33.23,8.07,129.80
1143,147.93,36.42,32.92,73.70,74.23,32.33,7.30,128.65
1144,144.42,34.16,36.73,72.37,72.05,32.60,8.26,124.26
1145,146.99,35.62,35.68,73.51,73.48,33.25,7.93,125.39
1146,147.05,36.11,39.74,74.08,72.97,32.68,8.82,126.18
1147,150.68,37.45,35.53,75.48,75.21,32.89,7.95,128.41
1148,148.77,36.90,34.81,74.66,74.11,32.47,7.70,128.29
1149,146.67,35.90,34.85,73.49,73.18,32.22,7.71,125.60
1150,145.62,34.62,32.56,72.82,72.79,32.08,7.33,126.08
1151,143.56,35.51,32.01,71.73,71.84,32.30,7.03,120.58
1152,140.07,34.12,33.27,69.92,70.15,32.26,7.42,117.37
1153,139.22,34.45,37.47,69.26,69.96,32.81,8.23,115.87
1154,142.23,35.08,34.99,71.32,70.92,32.42,7.74,119.26
1155,144.11,34.81,34.46,72.01,72.10,31.90,7.65,118.23
1156,143.76,34.15,33.19,71.93,71.83,31.92,7.47,120.63
1157,142.81,34.92,33.21,71.75,71.06,32.10,7.40,122.98
1158,141.10,33.97,33.15,70.19,70.90,30.40,7.50,121.53
1159,140.28,33.74,32.17,70.47,69.81,31.76,7.17,118.97
1160,140.66,34.20,35.77,71.31,69.35,32.61,7.87,116.60
1161,142.24,34.55,32.03,72.32,69.92,32.45,7.14,117.46
1162,141.71,35.26,32.96,71.34,70.37,32.66,7.29,117.23
1163,139.41,33.91,33.80,70.09,69.33,31.63,7.49,115.47
1164,139.30,33.20,35.40,69.74,69.56,31.36,7.86,115.70
1165,141.50,34.00,32.17,71.39,70.11,30.94,7.11,118.38
1166,139.67,34.50,30.13,70.14,69.53,30.70,6.79,116.66
1167,135.30,33.10,34.76,68.17,67.13,30.71,7.64,111.11
1168,136.96,33.51,32.66,68.84,68.11,29.99,7.20,111.86
1169,136.10,33.77,33.59,68.73,67.37,30.59,7.50,110.57
1170,135.91,33.51,31.89,69.53,66.39,30.87,7.27,110.74
1171,136.23,32.43,33.58,68.88,67.35,30.45,7.41,109.72
1172,137.38,34.97,34.86,69.48,67.90,30.62,7.64,114.41
1173,137.26,33.25,32.59,68.97,68.29,30.41,7.17,115.81
1174,136.61,33.93,33.30,68.59,68.01,31.07,7.28,116.57
1175,135.99,33.43,32.84,68.19,67.80,30.99,7.45,114.70
1176,135.39,33.25,32.80,67.49,67.90,30.10,7.29,113.46
1177,134.94,32.30,32.84,67.52,67.42,30.10,7.30,110.81
1178,135.48,32.68,33.09,67.45,68.03,30.30,7.32,111.48
1179,135.88,33.42,32.54,68.36,67.52,30.52,7.39,110.38
1180,135.00,32.86,32.13,67.62,67.38,30.52,7.23,111.17
1181,134.28,32.55,31.68,66.71,67.57,30.55,7.03,113.27
1182,133.41,33.41,31.30,66.30,67.10,30.72,7.26,113.48
1183,131.30,31.94,32.74,65.28,66.03,30.48,7.17,112.41
1184,132.10,33.09,31.88,65.97,66.13,30.52,7.10,109.41
1185,130.90,32.16,32.75,65.46,65.43,30.51,7.28,109.72
1186,131.49,32.97,31.58,65.36,66.13,29.86,6.97,111.12
1187,132.01,31.96,31.34,65.10,66.91,29.09,7.04,110.59
1188,131.40,31.68,29.85,65.10,66.29,28.88,6.53,110.42
1189,129.57,32.34,27.32,64.19,65.38,28.76,6.01,111.88
1190,124.56,30.88,30.34,62.63,61.93,28.53,6.75,110.33
1191,124.01,31.13,30.85,62.53,61.49,27.94,6.91,109.47
1192,123.74,30.32,28.44,63.03,60.71,27.85,6.43,108.78
1193,121.85,29.28,31.12,61.88,59.97,28.24,6.88,109.73
1194,123.69,30.66,29.87,62.46,61.24,28.41,6.63,113.66
1195,122.90,28.87,30.22,62.15,60.75,26.91,6.68,113.53
1196,124.25,29.82,30.24,63.59,60.66,26.78,6.75,115.16
1197,124.66,30.71,30.32,62.72,61.94,27.57,6.82,120.16
1198,124.28,30.38,31.09,61.74,62.54,27.63,6.82,119.03
1199,128.77,31.65,30.48,63.47,65.30,28.58,6.80,120.10
