simulation,month,alive,deaths,births,males,females,mature,pregnant
2,0,10000,540,0,5008,4992,10000,0
2,1,9460,525,1035,4747,4713,9460,230
2,2,9970,730,1950,4993,4977,8935,433
2,3,11190,1091,1913,5607,5583,8443,431
2,4,12012,1432,1723,5997,6015,8007,385
2,5,12303,1562,2411,6188,6115,7562,545
2,6,13152,1849,3074,6627,6525,7161,692
2,7,14377,2217,3778,7235,7142,6969,848
2,8,15938,2644,4838,7968,7970,6915,1069
2,9,18132,3249,5510,9033,9099,6829,1217
2,10,20393,3885,6063,10211,10182,6761,1360
2,11,22571,4489,6824,11211,11360,6677,1513
2,12,24906,5032,7317,12470,12436,6738,1636
2,13,27191,5606,6938,13517,13674,6865,1544
2,14,28523,6027,6831,14227,14296,7186,1520
2,15,29327,6268,7604,14703,14624,7541,1682
2,16,30663,6714,7673,15431,15232,7849,1712
2,17,31622,7066,7938,15787,15835,8178,1771
2,18,32494,7278,7471,16225,16269,8426,1664
2,19,32687,7330,7612,16297,16390,8664,1697
2,20,32969,7437,7495,16346,16623,8717,1667
2,21,33027,7433,7624,16392,16635,8849,1699
2,22,33218,7584,7435,16617,16601,8989,1653
2,23,33069,7602,7327,16569,16500,9051,1631
2,24,32794,7463,6961,16427,16367,8958,1537
2,25,32292,7249,7020,16169,16123,8957,1561
2,26,32063,7345,7016,16041,16022,8933,1580
2,27,31734,7436,7300,15847,15887,8872,1620
2,28,31598,7257,7271,15782,15816,8769,1620
2,29,31612,7218,7418,15870,15742,8675,1647
2,30,31812,7436,7275,15942,15870,8500,1618
2,31,31651,7368,7112,15881,15770,8296,1581
2,32,31395,7447,7148,15631,15764,8249,1582
2,33,31096,7202,6992,15503,15593,8098,1551
2,34,30886,7264,7072,15367,15519,8092,1584
2,35,30694,7165,7052,15335,15359,7990,1555
2,36,30581,7165,7315,15298,15283,7978,1624
2,37,30731,7377,6938,15452,15279,7777,1551
2,38,30292,7141,6712,15151,15141,7621,1487
2,39,29863,7120,6633,15008,14855,7591,1462
2,40,29376,6867,6542,14791,14585,7524,1472
2,41,29051,6824,6754,14568,14483,7522,1505
2,42,28981,6914,7115,14581,14400,7529,1553
2,43,29182,7001,6956,14525,14657,7344,1540
2,44,29137,7028,6614,14502,14635,7206,1459
2,45,28723,6765,6858,14323,14400,6985,1509
2,46,28816,6907,6533,14327,14489,6925,1442
2,47,28442,6774,6578,14212,14230,6907,1476
2,48,28246,6728,6364,14159,14087,6866,1423
2,49,27882,6736,6926,14022,13860,6840,1531
2,50,28072,6819,6492,14058,14014,6800,1434
2,51,27745,6709,6577,13912,13833,6684,1463
2,52,27613,6602,6357,13823,13790,6533,1404
2,53,27368,6565,6264,13656,13712,6510,1381
2,54,27067,6504,6331,13585,13482,6520,1414
2,55,26894,6361,6408,13508,13386,6541,1414
2,56,26941,6535,6346,13412,13529,6528,1392
2,57,26752,6461,6433,13441,13311,6461,1439
2,58,26724,6522,6257,13441,13283,6343,1398
2,59,26459,6320,6247,13340,13119,6219,1383
2,60,26386,6464,6045,13217,13169,6132,1342
2,61,25967,6335,5852,13010,12957,6031,1299
2,62,25484,6064,5797,12718,12766,5984,1298
2,63,25217,6061,5862,12551,12666,6071,1311
2,64,25018,6160,5833,12434,12584,6027,1306
2,65,24691,5926,5708,12264,12427,5951,1268
2,66,24473,6041,6175,12177,12296,5927,1353
2,67,24607,5852,5998,12331,12276,5845,1306
2,68,24753,5982,6025,12440,12313,5737,1332
2,69,24796,6001,5814,12486,12310,5626,1300
2,70,24609,6072,5648,12372,12237,5567,1242
2,71,24185,5888,5451,12125,12060,5459,1223
2,72,23748,5762,5814,11913,11835,5581,1294
2,73,23800,5862,5875,11935,11865,5584,1319
2,74,23813,5945,5744,11960,11853,5569,1267
2,75,23612,5775,5584,11904,11708,5394,1241
2,76,23421,5729,5708,11726,11695,5358,1271
2,77,23400,5769,5349,11716,11684,5190,1190
2,78,22980,5562,5606,11421,11559,5146,1234
2,79,23024,5626,5722,11513,11511,5245,1259
2,80,23120,5678,5528,11553,11567,5196,1232
2,81,22970,5539,5358,11467,11503,5087,1194
2,82,22789,5468,5253,11352,11437,5154,1173
2,83,22574,5450,5299,11236,11338,5124,1170
2,84,22423,5337,5312,11262,11161,5104,1181
2,85,22398,5464,5356,11237,11161,5185,1187
2,86,22290,5439,5202,11157,11133,5167,1143
2,87,22053,5315,5484,10984,11069,5166,1217
2,88,22222,5377,5197,11102,11120,5049,1152
2,89,22042,5300,5323,11010,11032,5010,1182
2,90,22065,5415,5169,11016,11049,4968,1161
2,91,21819,5378,5130,10871,10948,4942,1129
2,92,21571,5266,5038,10833,10738,4896,1136
2,93,21343,5167,5400,10655,10688,4926,1178
2,94,21576,5205,4931,10743,10833,4908,1095
2,95,21302,5252,5247,10674,10628,4833,1173
2,96,21297,5228,5065,10777,10520,4719,1134
2,97,21134,5078,5137,10709,10425,4766,1142
2,98,21193,5260,5038,10655,10538,4735,1132
2,99,20971,5143,4873,10535,10436,4727,1074
2,100,20701,5147,4971,10334,10367,4694,1094
2,101,20525,4991,4790,10227,10298,4600,1067
2,102,20324,4864,5023,10118,10206,4645,1122
2,103,20483,4909,4976,10227,10256,4701,1113
2,104,20550,5145,4911,10304,10246,4675,1083
2,105,20316,4829,5030,10177,10139,4618,1110
2,106,20517,5129,4934,10249,10268,4624,1092
2,107,20322,4885,4662,10085,10237,4561,1044
2,108,20099,4881,4819,10071,10028,4560,1069
2,109,20037,4918,4945,10072,9965,4488,1085
2,110,20064,4880,5009,10125,9939,4494,1120
2,111,20193,4987,4746,10142,10051,4498,1059
2,112,19952,4828,4709,9954,9998,4491,1062
2,113,19833,4827,4712,9917,9916,4495,1056
2,114,19718,4812,4900,9808,9910,4474,1071
2,115,19806,4725,4546,9835,9971,4455,1008
2,116,19627,4778,4755,9758,9869,4465,1065
2,117,19604,4714,4487,9796,9808,4446,992
2,118,19377,4738,4716,9734,9643,4493,1043
2,119,19355,4688,4727,9663,9692,4444,1049
2,120,19394,4721,4806,9672,9722,4458,1071
2,121,19479,4747,4679,9742,9737,4435,1035
2,122,19411,4872,4824,9649,9762,4331,1083
2,123,19363,4721,4559,9695,9668,4263,1009
2,124,19201,4650,4180,9587,9614,4194,943
2,125,18731,4487,4458,9388,9343,4182,999
2,126,18702,4451,4617,9397,9305,4186,1012
2,127,18868,4702,4430,9444,9424,4312,993
2,128,18596,4388,4570,9369,9227,4311,1023
2,129,18778,4614,4497,9497,9281,4302,1004
2,130,18661,4530,4580,9374,9287,4222,1008
2,131,18711,4640,4342,9370,9341,4112,947
2,132,18413,4421,4493,9306,9107,4122,995
2,133,18485,4452,4436,9271,9214,4104,984
2,134,18469,4495,4358,9228,9241,4137,963
2,135,18332,4562,4492,9191,9141,4112,1015
2,136,18262,4552,4275,9220,9042,4084,949
2,137,17985,4323,4243,9036,8949,4023,944
2,138,17905,4416,4223,9035,8870,4040,942
2,139,17712,4359,4326,8909,8803,4050,958
2,140,17679,4367,4066,8883,8796,4018,904
2,141,17378,4172,4302,8711,8667,4042,964
2,142,17508,4277,4072,8776,8732,3973,917
2,143,17303,4238,4317,8628,8675,3917,958
2,144,17382,4295,4087,8718,8664,3937,913
2,145,17174,4338,4014,8604,8570,3881,898
2,146,16850,4134,3629,8421,8429,3823,813
2,147,16345,4050,3873,8195,8150,3800,863
2,148,16168,3990,4064,8093,8075,3733,900
2,149,16242,4000,3756,8086,8156,3714,835
2,150,15998,3979,3792,8011,7987,3705,852
2,151,15811,3828,3776,7870,7941,3602,841
2,152,15759,3837,3859,7813,7946,3560,868
2,153,15781,3863,3753,7844,7937,3525,835
2,154,15671,3829,3702,7734,7937,3550,831
2,155,15544,3815,3832,7766,7778,3509,850
2,156,15561,3850,3455,7803,7758,3498,772
2,157,15166,3699,3404,7573,7593,3426,764
2,158,14871,3696,3605,7413,7458,3433,794
2,159,14780,3619,3440,7336,7444,3361,752
2,160,14601,3550,3388,7247,7354,3338,760
2,161,14439,3625,3446,7216,7223,3313,774
2,162,14260,3493,3531,7152,7108,3240,784
2,163,14298,3482,3547,7140,7158,3213,794
2,164,14363,3520,3481,7197,7166,3250,774
2,165,14324,3450,3439,7189,7135,3212,766
2,166,14313,3396,3496,7186,7127,3191,764
2,167,14413,3475,3664,7250,7163,3198,812
2,168,14602,3578,3431,7317,7285,3198,765
2,169,14455,3584,3440,7236,7219,3182,760
2,170,14311,3521,3492,7232,7079,3213,771
2,171,14282,3498,3318,7092,7190,3160,744
2,172,14102,3496,3378,7034,7068,3126,756
2,173,13984,3375,3230,6993,6991,3132,726
2,174,13839,3373,3234,6907,6932,3127,716
2,175,13700,3370,3436,6930,6770,3126,758
2,176,13766,3410,3515,6946,6820,3071,779
2,177,13871,3372,3504,6946,6925,3070,774
2,178,14003,3375,3325,6998,7005,3026,731
2,179,13953,3548,3135,6979,6974,2977,703
2,180,13540,3324,3154,6742,6798,2922,706
2,181,13370,3260,3020,6666,6704,2913,671
2,182,13130,3128,3063,6626,6504,3022,680
2,183,13065,3203,3226,6629,6436,3080,716
2,184,13088,3160,3030,6603,6485,3101,676
2,185,12958,3213,3151,6574,6384,2986,707
2,186,12896,3055,3299,6495,6401,2988,726
2,187,13140,3175,3046,6607,6533,2903,693
2,188,13011,3147,3142,6562,6449,2909,691
2,189,13006,3089,3080,6554,6452,2941,684
2,190,12997,3097,3170,6568,6429,2948,705
2,191,13070,3087,3286,6554,6516,3000,723
2,192,13269,3298,3200,6646,6623,3017,720
2,193,13171,3142,3219,6616,6555,2981,711
2,194,13248,3233,3100,6671,6577,2939,694
2,195,13115,3195,3221,6608,6507,2922,707
2,196,13141,3240,3171,6573,6568,2953,693
2,197,13072,3200,3141,6514,6558,2967,695
2,198,13013,3145,3115,6552,6461,2907,689
2,199,12983,3172,2990,6496,6487,2945,662
2,200,12801,3014,3242,6441,6360,2946,725
2,201,13029,3239,3268,6520,6509,2941,718
2,202,13058,3097,3202,6563,6495,2909,709
2,203,13163,3221,3216,6688,6475,2881,719
2,204,13158,3231,3203,6631,6527,2876,714
2,205,13130,3253,2998,6657,6473,2839,671
2,206,12875,3167,2873,6482,6393,2835,652
2,207,12581,3020,2917,6348,6233,2891,655
2,208,12478,2994,3081,6267,6211,2918,676
2,209,12565,3135,3059,6262,6303,2901,686
2,210,12489,3113,3172,6191,6298,2867,715
2,211,12548,3070,3052,6250,6298,2751,689
2,212,12530,3129,2848,6281,6249,2724,630
2,213,12249,2967,2917,6133,6116,2696,646
2,214,12199,2980,2873,6053,6146,2763,642
2,215,12092,2904,3048,6048,6044,2732,664
2,216,12236,3011,2851,6096,6140,2775,636
2,217,12076,2901,3168,6036,6040,2793,699
2,218,12343,3069,3009,6109,6234,2786,672
2,219,12283,2977,2987,6131,6152,2783,660
2,220,12293,2993,2889,6135,6158,2742,642
2,221,12189,2981,2821,6075,6114,2682,623
2,222,12029,2972,2882,5940,6089,2636,638
2,223,11939,2866,2833,5970,5969,2618,629
2,224,11906,2936,2719,5945,5961,2675,617
2,225,11689,2817,2893,5810,5879,2720,637
2,226,11765,2924,2862,5829,5936,2770,636
2,227,11703,2781,2767,5821,5882,2634,618
2,228,11689,2808,2722,5769,5920,2605,606
2,229,11603,2749,2850,5764,5839,2631,624
2,230,11704,2964,2737,5787,5917,2639,604
2,231,11477,2801,2880,5627,5850,2603,627
2,232,11556,2785,2827,5705,5851,2585,631
2,233,11598,2849,2688,5742,5856,2569,596
2,234,11437,2859,2648,5705,5732,2520,585
2,235,11226,2722,2624,5571,5655,2542,585
2,236,11128,2733,2778,5571,5557,2528,614
2,237,11173,2700,2725,5564,5609,2537,609
2,238,11198,2728,2624,5616,5582,2522,584
2,239,11094,2752,2590,5542,5552,2556,580
2,240,10932,2643,2436,5482,5450,2506,543
2,241,10725,2585,2396,5386,5339,2455,531
2,242,10536,2580,2506,5251,5285,2472,555
2,243,10462,2498,2525,5208,5254,2437,561
2,244,10489,2537,2584,5255,5234,2435,574
2,245,10536,2544,2495,5284,5252,2472,556
2,246,10487,2575,2590,5262,5225,2436,576
2,247,10502,2640,2542,5227,5275,2386,563
2,248,10404,2496,2463,5218,5186,2300,545
2,249,10371,2550,2463,5166,5205,2244,550
2,250,10284,2481,2381,5132,5152,2281,539
2,251,10184,2501,2422,5050,5134,2266,539
2,252,10105,2477,2228,5089,5016,2302,499
2,253,9856,2397,2349,4932,4924,2247,516
2,254,9808,2358,2215,4912,4896,2223,508
2,255,9665,2350,2534,4836,4829,2259,557
2,256,9849,2444,2343,4869,4980,2200,525
2,257,9748,2330,2462,4868,4880,2203,542
2,258,9880,2406,2390,4951,4929,2180,524
2,259,9864,2330,2452,4975,4889,2158,546
2,260,9986,2353,2266,5002,4984,2147,511
2,261,9899,2408,2503,4933,4966,2199,552
2,262,9994,2482,2308,4950,5044,2212,503
2,263,9820,2383,2318,4885,4935,2196,516
2,264,9755,2403,2382,4943,4812,2252,530
2,265,9734,2364,2466,4927,4807,2258,549
2,266,9836,2429,2317,4950,4886,2209,519
2,267,9724,2419,2393,4849,4875,2181,529
2,268,9698,2401,2127,4875,4823,2157,477
2,269,9424,2328,2425,4747,4677,2143,538
2,270,9521,2362,2297,4856,4665,2089,512
2,271,9456,2313,2237,4831,4625,2091,495
2,272,9380,2269,2476,4808,4572,2125,548
2,273,9587,2322,2307,4869,4718,2090,509
2,274,9572,2392,2166,4828,4744,2070,485
2,275,9346,2258,2096,4747,4599,2069,467
2,276,9184,2215,2134,4604,4580,2045,475
2,277,9103,2238,2321,4551,4552,2090,513
2,278,9186,2241,2239,4578,4608,2098,499
2,279,9184,2224,2148,4588,4596,2124,494
2,280,9108,2188,2278,4561,4547,2053,503
2,281,9198,2243,2307,4612,4586,2037,508
2,282,9262,2253,2145,4636,4626,1990,478
2,283,9154,2229,2274,4585,4569,2017,498
2,284,9199,2255,2285,4625,4574,2024,496
2,285,9229,2270,2084,4611,4618,2025,467
2,286,9043,2170,2164,4519,4524,2052,476
2,287,9037,2223,2083,4503,4534,2070,455
2,288,8897,2194,2022,4419,4478,2061,441
2,289,8725,2138,2226,4292,4433,2055,494
2,290,8813,2069,2172,4367,4446,2000,480
2,291,8916,2145,2043,4437,4479,1999,458
2,292,8814,2148,2093,4396,4418,2030,462
2,293,8759,2214,2062,4365,4394,2011,459
2,294,8607,2145,1948,4318,4289,1951,432
2,295,8410,2128,2008,4199,4211,1898,440
2,296,8290,1965,1874,4186,4104,1875,421
2,297,8199,1980,1897,4134,4065,1856,418
2,298,8116,2013,1976,4082,4034,1877,443
2,299,8079,1923,1801,3998,4081,1845,398
2,300,7957,1937,1945,3994,3963,1852,441
2,301,7965,1953,2045,3985,3980,1858,457
2,302,8057,2015,1964,4061,3996,1840,438
2,303,8006,1976,1969,4033,3973,1788,431
2,304,7999,1909,1859,4013,3986,1774,410
2,305,7949,1980,1740,3980,3969,1706,386
2,306,7709,1892,1771,3873,3836,1677,394
2,307,7588,1870,1735,3814,3774,1676,389
2,308,7453,1782,1781,3771,3682,1727,400
2,309,7452,1811,1935,3747,3705,1768,425
2,310,7576,1840,1884,3799,3777,1768,425
2,311,7620,1882,1818,3749,3871,1742,407
2,312,7556,1802,1800,3714,3842,1736,403
2,313,7554,1838,1843,3727,3827,1729,416
2,314,7559,1922,1813,3687,3872,1692,400
2,315,7450,1780,1730,3640,3810,1658,384
2,316,7400,1821,1621,3595,3805,1675,365
2,317,7200,1676,1790,3546,3654,1724,391
2,318,7314,1780,1812,3543,3771,1698,397
2,319,7346,1780,1813,3596,3750,1691,398
2,320,7379,1884,1588,3670,3709,1677,348
2,321,7083,1740,1621,3537,3546,1631,357
2,322,6964,1638,1656,3475,3489,1615,368
2,323,6982,1774,1589,3446,3536,1608,348
2,324,6797,1627,1626,3365,3432,1583,357
2,325,6796,1642,1644,3390,3406,1580,368
2,326,6798,1649,1529,3426,3372,1564,344
2,327,6678,1632,1590,3275,3403,1550,352
2,328,6636,1659,1602,3300,3336,1521,354
2,329,6579,1577,1481,3290,3289,1462,335
2,330,6483,1565,1650,3243,3240,1477,366
2,331,6568,1650,1783,3318,3250,1520,388
2,332,6701,1626,1581,3387,3314,1479,346
2,333,6656,1640,1587,3345,3311,1445,351
2,334,6603,1561,1498,3303,3300,1467,333
2,335,6540,1612,1624,3255,3285,1447,362
2,336,6552,1607,1503,3261,3291,1446,328
2,337,6448,1569,1567,3223,3225,1460,349
2,338,6446,1568,1491,3213,3233,1501,334
2,339,6369,1505,1556,3205,3164,1477,343
2,340,6420,1623,1662,3211,3209,1479,359
2,341,6459,1577,1497,3179,3280,1459,333
2,342,6379,1580,1458,3159,3220,1425,323
2,343,6257,1469,1562,3136,3121,1412,345
2,344,6350,1527,1455,3177,3173,1403,317
2,345,6278,1539,1432,3136,3142,1430,320
2,346,6171,1444,1480,3088,3083,1450,333
2,347,6207,1513,1703,3157,3050,1453,372
2,348,6397,1552,1711,3298,3099,1438,375
2,349,6556,1659,1530,3376,3180,1422,348
2,350,6427,1540,1443,3303,3124,1341,327
2,351,6330,1578,1608,3233,3097,1338,356
2,352,6360,1523,1436,3268,3092,1307,319
2,353,6273,1564,1434,3187,3086,1317,317
2,354,6143,1485,1474,3128,3015,1351,325
2,355,6132,1510,1490,3086,3046,1395,329
2,356,6112,1473,1483,3041,3071,1397,323
2,357,6122,1510,1537,3099,3023,1413,350
2,358,6149,1534,1645,3094,3055,1389,363
2,359,6260,1541,1489,3135,3125,1364,329
2,360,6208,1531,1471,3085,3123,1335,328
2,361,6148,1545,1381,3054,3094,1335,302
2,362,5984,1416,1543,2959,3025,1311,339
2,363,6111,1469,1414,3022,3089,1337,314
2,364,6056,1468,1486,3005,3051,1388,329
2,365,6074,1461,1590,3042,3032,1403,356
2,366,6203,1504,1437,3092,3111,1371,319
2,367,6136,1504,1458,3049,3087,1322,324
2,368,6090,1491,1455,3059,3031,1327,327
2,369,6054,1441,1397,3034,3020,1350,313
2,370,6010,1468,1449,3025,2985,1376,321
2,371,5991,1482,1458,3032,2959,1366,318
2,372,5967,1478,1423,2977,2990,1375,316
2,373,5912,1468,1285,2923,2989,1376,290
2,374,5729,1353,1406,2841,2888,1319,309
2,375,5782,1387,1418,2900,2882,1299,320
2,376,5813,1487,1237,2919,2894,1308,282
2,377,5563,1356,1360,2772,2791,1259,297
2,378,5567,1434,1237,2753,2814,1263,267
2,379,5370,1320,1211,2667,2703,1234,268
2,380,5261,1320,1355,2612,2649,1252,300
2,381,5296,1298,1326,2657,2639,1248,292
2,382,5324,1315,1268,2673,2651,1217,280
2,383,5277,1276,1222,2653,2624,1188,276
2,384,5223,1247,1233,2606,2617,1158,277
2,385,5209,1261,1215,2575,2634,1168,271
2,386,5163,1281,1313,2539,2624,1181,289
2,387,5195,1244,1293,2562,2633,1165,293
2,388,5244,1266,1283,2636,2608,1182,285
2,389,5261,1248,1231,2678,2583,1170,271
2,390,5244,1293,1272,2637,2607,1170,283
2,391,5223,1276,1355,2592,2631,1166,299
2,392,5302,1288,1304,2613,2689,1153,285
2,393,5318,1284,1282,2609,2709,1144,289
2,394,5316,1284,1235,2634,2682,1164,270
2,395,5267,1333,1216,2626,2641,1163,273
2,396,5150,1212,1211,2512,2638,1146,266
2,397,5149,1310,1197,2549,2600,1164,266
2,398,5036,1287,1336,2512,2524,1185,288
2,399,5085,1204,1179,2530,2555,1144,257
2,400,5060,1246,1251,2479,2581,1134,280
2,401,5065,1213,1120,2509,2556,1117,253
2,402,4972,1227,1327,2459,2513,1134,287
2,403,5072,1233,1233,2516,2556,1099,272
2,404,5072,1271,1235,2530,2542,1159,275
2,405,5036,1211,1205,2498,2538,1148,268
2,406,5030,1278,1091,2531,2499,1169,244
2,407,4843,1199,1165,2453,2390,1118,266
2,408,4809,1255,1102,2394,2415,1113,245
2,409,4656,1137,1127,2323,2333,1072,248
2,410,4646,1089,1146,2327,2319,1054,250
2,411,4703,1175,1074,2369,2334,1073,243
2,412,4602,1097,1212,2347,2255,1022,262
2,413,4717,1176,1151,2402,2315,1048,252
2,414,4692,1183,1178,2378,2314,1061,257
2,415,4687,1156,1012,2340,2347,1054,231
2,416,4543,1125,1182,2257,2286,1052,266
2,417,4600,1126,1192,2283,2317,1017,256
2,418,4666,1132,1084,2299,2367,999,246
2,419,4618,1128,1109,2257,2361,999,251
2,420,4599,1084,1050,2231,2368,999,237
2,421,4565,1086,929,2203,2362,1011,209
2,422,4408,1065,957,2169,2239,1018,215
2,423,4300,1066,1067,2119,2181,1033,242
2,424,4301,1042,1033,2127,2174,1029,233
2,425,4292,1028,1049,2139,2153,1027,224
2,426,4313,1056,992,2136,2177,1013,222
2,427,4249,1017,966,2122,2127,975,214
2,428,4198,1056,938,2088,2110,958,209
2,429,4080,995,938,2059,2021,944,208
2,430,4023,1002,997,2040,1983,944,229
2,431,4018,991,988,2067,1951,921,213
2,432,4015,950,991,2043,1972,907,217
2,433,4056,987,982,2067,1989,914,215
2,434,4051,1021,922,2066,1985,900,203
2,435,3952,1000,1002,1998,1954,866,218
2,436,3954,1022,1042,1966,1988,871,229
2,437,3974,975,883,1980,1994,887,193
2,438,3882,950,936,1924,1958,894,213
2,439,3868,961,888,1893,1975,913,200
2,440,3795,964,1049,1840,1955,889,231
2,441,3880,945,915,1894,1986,880,209
2,442,3850,958,904,1886,1964,869,197
2,443,3796,956,928,1837,1959,871,207
2,444,3768,913,864,1832,1936,823,194
2,445,3719,905,730,1811,1908,814,167
2,446,3544,870,776,1737,1807,800,170
2,447,3450,834,877,1695,1755,825,196
2,448,3493,855,963,1742,1751,818,216
2,449,3601,911,898,1769,1832,812,202
2,450,3588,835,834,1774,1814,801,193
2,451,3587,872,822,1783,1804,803,186
2,452,3537,869,787,1755,1782,756,177
2,453,3455,906,789,1692,1763,787,176
2,454,3338,793,864,1646,1692,781,187
2,455,3409,807,739,1660,1749,750,165
2,456,3341,825,874,1649,1692,772,191
2,457,3390,815,810,1645,1745,736,178
2,458,3385,826,763,1682,1703,723,171
2,459,3322,847,821,1679,1643,722,182
2,460,3296,835,716,1653,1643,700,155
2,461,3177,795,823,1589,1588,695,179
2,462,3205,785,688,1626,1579,711,150
2,463,3108,753,784,1597,1511,706,170
2,464,3139,770,669,1610,1529,711,148
2,465,3038,729,875,1534,1504,701,190
2,466,3184,765,764,1589,1595,687,170
2,467,3183,775,782,1609,1574,700,167
2,468,3190,782,778,1621,1569,707,171
2,469,3186,801,767,1577,1609,712,167
2,470,3152,790,772,1550,1602,702,166
2,471,3134,758,771,1544,1590,686,169
2,472,3147,804,740,1543,1604,664,159
2,473,3083,752,658,1498,1585,665,146
2,474,2989,740,754,1477,1512,677,170
2,475,3003,726,604,1512,1491,674,139
2,476,2881,690,703,1434,1447,664,158
2,477,2894,698,717,1454,1440,683,162
2,478,2913,708,747,1422,1491,679,164
2,479,2952,678,716,1483,1469,668,155
2,480,2990,758,670,1522,1468,700,150
2,481,2902,737,763,1472,1430,667,170
2,482,2928,702,705,1485,1443,633,162
2,483,2931,687,697,1495,1436,639,154
2,484,2941,709,701,1501,1440,658,158
2,485,2933,732,711,1454,1479,668,155
2,486,2912,706,665,1469,1443,618,149
2,487,2871,712,678,1418,1453,628,154
2,488,2837,686,686,1365,1472,643,152
2,489,2837,665,639,1384,1453,666,141
2,490,2811,737,604,1352,1459,642,135
2,491,2678,663,642,1295,1383,627,138
2,492,2657,644,598,1298,1359,613,134
2,493,2611,673,557,1293,1318,612,127
2,494,2495,598,567,1254,1241,625,123
2,495,2464,585,628,1214,1250,622,141
2,496,2507,609,580,1235,1272,596,128
2,497,2478,613,635,1201,1277,595,138
2,498,2500,599,618,1234,1266,594,143
2,499,2519,629,595,1234,1285,563,138
2,500,2485,618,607,1235,1250,553,133
2,501,2474,606,507,1287,1187,531,111
2,502,2375,565,517,1240,1135,541,111
2,503,2327,605,583,1231,1096,571,129
2,504,2305,572,563,1197,1108,538,126
2,505,2296,566,598,1176,1120,538,130
2,506,2328,567,505,1187,1141,531,113
2,507,2266,549,558,1141,1125,517,125
2,508,2275,594,608,1139,1136,532,137
2,509,2289,524,553,1155,1134,491,123
2,510,2318,576,584,1170,1148,506,131
2,511,2326,579,546,1172,1154,511,127
2,512,2293,520,481,1131,1162,489,108
2,513,2254,569,543,1122,1132,516,124
2,514,2228,547,462,1122,1106,491,108
2,515,2143,531,503,1087,1056,497,116
2,516,2115,533,605,1090,1025,504,138
2,517,2187,542,504,1114,1073,490,111
2,518,2149,496,409,1094,1055,479,90
2,519,2062,500,510,1023,1039,510,114
2,520,2072,532,531,1019,1053,488,116
2,521,2071,479,457,1038,1033,471,108
2,522,2049,508,502,1011,1038,487,112
2,523,2043,509,528,1043,1000,503,116
2,524,2062,537,566,1028,1034,460,123
2,525,2091,504,417,1012,1079,450,96
2,526,2004,541,530,990,1014,469,119
2,527,1993,516,431,996,997,430,97
2,528,1908,448,456,965,943,428,102
2,529,1916,444,456,949,967,418,97
2,530,1928,483,542,941,987,457,126
2,531,1987,459,445,994,993,434,100
2,532,1973,461,449,987,986,447,101
2,533,1961,486,469,988,973,457,109
2,534,1944,529,483,987,957,446,108
2,535,1898,455,414,975,923,435,95
2,536,1857,464,436,939,918,437,95
2,537,1829,417,416,926,903,397,91
2,538,1828,446,402,933,895,399,90
2,539,1784,453,425,924,860,406,97
2,540,1756,412,483,890,866,435,108
2,541,1827,431,489,899,928,432,105
2,542,1885,427,477,918,967,436,101
2,543,1935,491,471,939,996,426,104
2,544,1915,489,466,930,985,418,105
2,545,1892,436,409,931,961,407,90
2,546,1865,424,434,910,955,407,99
2,547,1875,469,395,929,946,419,89
2,548,1801,476,425,883,918,419,92
2,549,1750,399,501,859,891,405,108
2,550,1852,470,464,925,927,435,100
2,551,1846,418,487,907,939,412,111
2,552,1915,471,399,959,956,423,90
2,553,1843,430,425,918,925,391,93
2,554,1838,449,432,926,912,397,97
2,555,1821,410,428,912,909,417,94
2,556,1839,461,484,935,904,399,107
2,557,1862,443,424,921,941,432,96
2,558,1843,468,492,907,936,425,108
2,559,1867,491,395,930,937,402,88
2,560,1771,434,379,893,878,373,88
2,561,1716,419,454,881,835,378,97
2,562,1751,436,388,903,848,381,87
2,563,1703,390,473,854,849,374,105
2,564,1786,432,377,874,912,382,84
2,565,1731,416,372,847,884,371,83
2,566,1687,410,351,834,853,366,80
2,567,1628,404,473,805,823,370,105
2,568,1697,401,383,853,844,369,84
2,569,1679,416,434,863,816,391,91
2,570,1697,380,437,865,832,397,107
2,571,1754,437,414,882,872,395,91
2,572,1731,431,390,863,868,375,90
2,573,1690,427,397,835,855,363,91
2,574,1660,390,405,821,839,375,89
2,575,1675,398,390,837,838,386,85
2,576,1667,413,405,838,829,365,90
2,577,1659,392,374,827,832,368,85
2,578,1641,358,379,840,801,358,86
2,579,1662,405,432,839,823,379,94
2,580,1689,402,387,829,860,367,84
2,581,1674,408,357,805,869,386,78
2,582,1623,397,391,778,845,386,83
2,583,1617,395,385,794,823,384,85
2,584,1607,412,400,762,845,371,85
2,585,1595,363,291,754,841,355,65
2,586,1523,372,370,745,778,360,82
2,587,1521,346,375,751,770,366,82
2,588,1550,339,410,750,800,367,85
2,589,1621,409,338,781,840,358,73
2,590,1550,406,333,777,773,364,76
2,591,1477,361,279,740,737,344,63
2,592,1395,364,317,723,672,340,70
2,593,1348,326,321,681,667,333,72
2,594,1343,353,333,681,662,326,77
2,595,1323,326,339,659,664,314,73
2,596,1336,325,304,653,683,302,68
2,597,1315,287,334,639,676,298,75
2,598,1362,314,341,662,700,276,74
2,599,1389,343,329,669,720,281,76
2,600,1375,358,267,680,695,287,59
2,601,1284,314,261,637,647,288,61
2,602,1231,313,262,613,618,303,58
2,603,1180,274,292,593,587,300,67
2,604,1198,289,269,609,589,302,60
2,605,1178,293,321,610,568,297,72
2,606,1206,284,284,619,587,275,64
2,607,1206,295,316,598,608,288,73
2,608,1227,289,309,613,614,279,68
2,609,1247,311,337,637,610,269,74
2,610,1273,325,284,638,635,256,63
2,611,1232,277,218,608,624,260,51
2,612,1173,269,272,584,589,265,60
2,613,1176,273,289,582,594,275,62
2,614,1192,310,260,594,598,284,58
2,615,1142,303,242,586,556,278,55
2,616,1081,277,244,563,518,266,55
2,617,1048,249,262,538,510,249,56
2,618,1061,276,230,537,524,235,51
2,619,1015,254,315,522,493,230,69
2,620,1076,255,261,556,520,220,58
2,621,1082,280,323,564,518,234,72
2,622,1125,270,229,561,564,217,51
2,623,1084,279,256,557,527,228,59
2,624,1061,260,242,539,522,219,55
2,625,1043,257,202,525,518,224,43
2,626,988,236,222,489,499,231,52
2,627,974,260,210,486,488,240,47
2,628,924,243,247,463,461,244,51
2,629,928,232,247,480,448,237,53
2,630,943,218,206,470,473,209,47
2,631,931,255,205,475,456,199,44
2,632,881,223,175,459,422,191,41
2,633,833,196,212,430,403,196,47
2,634,849,207,202,427,422,203,45
2,635,844,208,198,430,414,201,46
2,636,834,192,236,437,397,183,52
2,637,878,206,187,444,434,191,40
2,638,859,198,178,425,434,175,42
2,639,839,235,184,415,424,181,42
2,640,788,176,186,384,404,161,40
2,641,798,191,197,406,392,175,43
2,642,804,178,175,405,399,194,39
2,643,801,195,233,403,398,191,50
2,644,839,193,185,431,408,189,38
2,645,831,223,202,412,419,195,47
2,646,810,177,200,407,403,177,43
2,647,833,208,203,418,415,192,45
2,648,828,193,222,432,396,185,47
2,649,857,242,237,452,405,191,52
2,650,852,209,214,454,398,181,47
2,651,857,184,207,456,401,175,46
2,652,880,226,224,470,410,186,47
2,653,878,199,238,452,426,173,51
2,654,917,213,174,450,467,187,41
2,655,878,213,232,437,441,199,52
2,656,897,225,228,451,446,202,50
2,657,900,213,295,443,457,202,64
2,658,982,241,238,485,497,211,56
2,659,979,248,239,496,483,216,52
2,660,970,263,236,484,486,206,51
2,661,943,234,153,471,472,179,36
2,662,862,205,205,438,424,176,48
2,663,862,230,193,454,408,184,39
2,664,825,210,213,444,381,181,47
2,665,828,187,203,431,397,195,45
2,666,844,195,186,447,397,202,44
2,667,835,216,200,429,406,196,45
2,668,819,199,171,422,397,188,37
2,669,791,190,194,418,373,178,46
2,670,795,223,150,426,369,177,32
2,671,722,187,188,376,346,180,40
2,672,723,178,139,381,342,169,29
2,673,684,163,180,357,327,176,39
2,674,701,165,175,368,333,168,39
2,675,711,166,180,356,355,170,40
2,676,725,191,195,364,361,169,43
2,677,729,159,205,363,366,164,48
2,678,775,194,249,392,383,168,53
2,679,830,206,196,417,413,154,42
2,680,820,204,192,422,398,159,42
2,681,808,198,168,408,400,168,38
2,682,778,184,178,392,386,162,40
2,683,772,190,216,386,386,170,45
2,684,798,200,203,410,388,177,45
2,685,801,191,135,407,394,169,34
2,686,745,168,166,379,366,172,35
2,687,743,183,129,369,374,173,27
2,688,689,146,208,357,332,163,43
2,689,751,176,185,389,362,175,41
2,690,760,174,178,388,372,171,39
2,691,764,196,172,383,381,168,38
2,692,740,194,153,369,371,152,35
2,693,699,168,154,340,359,146,35
2,694,685,150,184,345,340,159,39
2,695,719,164,217,366,353,165,45
2,696,772,182,190,396,376,163,43
2,697,780,170,207,409,371,164,45
2,698,817,200,162,422,395,166,37
2,699,779,198,178,398,381,171,42
2,700,759,192,218,378,381,173,50
2,701,785,185,215,394,391,172,46
2,702,815,179,177,416,399,165,39
2,703,813,198,219,413,400,178,48
2,704,834,212,150,424,410,175,33
2,705,772,179,137,372,400,171,30
2,706,730,192,200,363,367,189,46
2,707,738,173,229,363,375,175,48
2,708,794,187,182,390,404,187,39
2,709,789,185,194,389,400,190,47
2,710,798,214,212,387,411,184,46
2,711,796,199,129,388,408,164,28
2,712,726,191,185,346,380,168,40
2,713,720,179,152,351,369,166,34
2,714,693,163,167,330,363,179,42
2,715,697,155,135,325,372,165,31
2,716,677,166,197,329,348,175,45
2,717,708,187,120,351,357,159,27
2,718,641,157,202,329,312,157,46
2,719,686,153,199,366,320,151,44
2,720,732,172,132,367,365,157,28
2,721,692,172,181,350,342,145,37
2,722,701,166,187,358,343,154,39
2,723,722,187,130,364,358,161,30
2,724,665,152,174,329,336,158,37
2,725,687,155,175,338,349,165,38
2,726,707,144,173,349,358,162,37
2,727,736,183,203,377,359,167,42
2,728,756,159,140,377,379,169,30
2,729,737,199,173,375,362,167,38
2,730,711,172,142,359,352,152,31
2,731,681,167,143,343,338,147,31
2,732,657,160,108,338,319,142,25
2,733,605,174,156,307,298,147,35
2,734,587,165,182,291,296,151,40
2,735,604,150,175,310,294,141,41
2,736,629,148,179,309,320,134,39
2,737,660,178,105,322,338,130,23
2,738,587,145,131,293,294,122,29
2,739,573,127,130,274,299,118,29
2,740,576,132,117,269,307,133,26
2,741,561,137,118,264,297,148,26
2,742,542,131,152,262,280,144,35
2,743,563,151,136,258,305,138,30
2,744,548,143,123,260,288,131,27
2,745,528,123,148,261,267,118,33
2,746,553,136,132,268,285,116,28
2,747,549,129,128,262,287,111,27
2,748,548,123,101,271,277,111,23
2,749,526,120,100,258,268,125,23
2,750,506,144,126,239,267,129,26
2,751,488,125,114,236,252,133,26
2,752,477,133,126,236,241,123,31
2,753,470,107,124,230,240,105,27
2,754,487,121,85,239,248,104,19
2,755,451,101,114,219,232,101,26
2,756,464,108,116,219,245,106,25
2,757,472,119,156,215,257,112,33
2,758,509,136,129,228,281,109,28
2,759,502,130,106,226,276,109,23
2,760,478,113,70,221,257,103,16
2,761,435,115,87,196,239,101,19
2,762,407,109,81,185,222,95,17
2,763,379,92,91,184,195,93,19
2,764,378,85,82,183,195,100,17
2,765,375,97,93,188,187,108,22
2,766,371,96,99,187,184,94,21
2,767,374,94,58,189,185,80,14
2,768,338,75,85,168,170,79,19
2,769,348,74,114,177,171,88,26
2,770,388,103,112,203,185,87,25
2,771,397,102,109,212,185,90,24
2,772,404,101,83,213,191,95,19
2,773,386,91,79,200,186,85,19
2,774,374,100,102,189,185,84,25
2,775,376,83,116,195,181,89,26
2,776,409,102,94,219,190,84,21
2,777,401,102,108,213,188,80,23
2,778,407,98,93,209,198,77,20
2,779,402,93,99,194,208,74,21
2,780,408,105,83,203,205,82,18
2,781,386,81,103,192,194,87,21
2,782,408,106,89,207,201,98,18
2,783,391,104,112,196,195,98,25
2,784,399,110,92,200,199,98,24
2,785,381,98,88,191,190,86,21
2,786,371,105,76,191,180,79,17
2,787,342,81,94,164,178,81,20
2,788,355,92,90,178,177,77,20
2,789,353,88,64,168,185,71,15
2,790,329,78,91,154,175,69,21
2,791,342,85,84,164,178,82,18
2,792,341,85,91,163,178,71,22
2,793,347,73,74,166,181,64,15
2,794,348,91,76,153,195,72,17
2,795,333,73,34,164,169,69,9
2,796,294,65,51,145,149,74,12
2,797,280,69,76,137,143,80,18
2,798,287,71,91,142,145,88,20
2,799,307,79,87,153,154,84,20
2,800,315,74,64,157,158,75,13
2,801,305,62,89,143,162,69,17
2,802,332,72,54,163,169,68,12
2,803,314,74,70,152,162,69,15
2,804,310,76,71,151,159,69,15
2,805,305,61,85,159,146,67,19
2,806,329,81,96,173,156,76,22
2,807,344,88,81,176,168,75,18
2,808,337,71,73,177,160,73,18
2,809,339,86,76,174,165,67,19
2,810,329,67,101,166,163,77,24
2,811,363,87,78,186,177,83,17
2,812,354,88,69,188,166,89,17
2,813,335,67,65,181,154,88,13
2,814,333,76,76,177,156,79,17
2,815,333,77,50,176,157,77,11
2,816,306,71,75,154,152,79,15
2,817,310,71,78,151,159,84,17
2,818,317,72,74,166,151,79,17
2,819,319,70,76,171,148,72,17
2,820,325,75,92,175,150,66,21
2,821,342,84,77,179,163,62,17
2,822,335,74,64,170,165,66,13
2,823,325,85,83,171,154,72,17
2,824,323,72,76,168,155,65,16
2,825,327,81,59,180,147,66,13
2,826,305,74,74,159,146,73,17
2,827,305,74,65,160,145,76,16
2,828,296,76,80,157,139,73,18
2,829,300,82,80,159,141,72,17
2,830,298,70,87,153,145,74,21
2,831,315,73,91,150,165,70,21
2,832,333,76,67,169,164,68,15
2,833,324,79,90,165,159,70,18
2,834,335,76,64,160,175,63,13
2,835,323,86,84,157,166,64,19
2,836,321,78,72,148,173,66,15
2,837,315,64,72,158,157,67,15
2,838,323,71,82,160,163,70,17
2,839,334,74,74,164,170,77,16
2,840,334,68,103,152,182,77,20
2,841,369,85,82,181,188,80,18
2,842,366,90,106,183,183,80,22
2,843,382,102,91,199,183,78,20
2,844,371,96,118,200,171,72,26
2,845,393,76,81,211,182,69,21
2,846,398,98,128,214,184,82,27
2,847,428,113,108,231,197,84,24
2,848,423,109,106,228,195,88,23
2,849,420,105,102,234,186,88,21
2,850,417,107,91,226,191,91,21
2,851,401,95,104,222,179,77,22
2,852,410,121,98,240,170,79,22
2,853,387,95,116,220,167,81,25
2,854,408,108,73,222,186,78,17
2,855,373,97,59,203,170,69,14
2,856,335,84,107,179,156,80,23
2,857,358,89,85,185,173,75,18
2,858,354,82,92,178,176,74,21
2,859,364,87,83,184,180,87,20
2,860,360,90,75,173,187,78,16
2,861,345,73,86,165,180,75,19
2,862,358,88,80,173,185,84,18
2,863,350,78,98,170,180,88,21
2,864,370,92,121,164,206,91,28
2,865,399,96,86,184,215,87,19
2,866,389,103,87,192,197,81,21
2,867,373,93,77,186,187,77,17
2,868,357,77,69,172,185,78,15
2,869,349,74,64,162,187,85,13
2,870,339,106,93,153,186,92,19
2,871,326,81,62,161,165,78,13
2,872,307,87,104,149,158,78,22
2,873,324,63,102,161,163,80,21
2,874,363,90,72,185,178,76,17
2,875,345,84,67,180,165,67,17
2,876,328,79,48,172,156,68,13
2,877,297,75,45,159,138,64,11
2,878,267,79,56,146,121,63,13
2,879,244,54,88,139,105,69,19
2,880,278,68,73,155,123,72,15
2,881,283,82,84,153,130,68,18
2,882,285,64,73,158,127,54,16
2,883,294,90,95,165,129,64,21
2,884,299,76,64,158,141,54,15
2,885,287,75,65,154,133,57,15
2,886,277,71,77,143,134,53,17
2,887,283,61,53,141,142,49,12
2,888,275,73,62,136,139,52,13
2,889,264,56,67,129,135,58,15
2,890,275,64,84,133,142,65,18
2,891,295,77,45,152,143,53,11
2,892,263,59,61,131,132,63,13
2,893,265,56,45,128,137,61,11
2,894,254,54,57,121,133,67,12
2,895,257,63,81,126,131,69,17
2,896,275,63,62,133,142,69,15
2,897,274,67,81,139,135,62,17
2,898,288,64,53,147,141,63,13
2,899,277,78,87,147,130,69,19
2,900,286,70,42,152,134,58,9
2,901,258,66,50,140,118,57,12
2,902,242,57,82,136,106,69,19
2,903,267,64,85,144,123,65,19
2,904,288,79,81,160,128,60,18
2,905,290,63,52,160,130,62,11
2,906,279,72,39,156,123,63,8
2,907,246,59,54,135,111,57,12
2,908,241,54,50,126,115,55,12
2,909,237,51,37,132,105,67,7
2,910,223,52,72,124,99,70,16
2,911,243,61,78,124,119,62,16
2,912,260,63,60,131,129,57,14
2,913,257,64,50,131,126,55,11
2,914,243,61,70,124,119,59,16
2,915,252,55,53,123,129,51,11
2,916,250,57,46,122,128,51,11
2,917,239,57,59,124,115,56,12
2,918,241,71,65,123,118,61,15
2,919,235,44,66,116,119,56,15
2,920,257,81,71,127,130,61,15
2,921,247,63,49,116,131,50,11
2,922,233,63,78,112,121,58,18
2,923,248,63,58,111,137,46,12
2,924,243,64,65,111,132,51,15
2,925,244,52,51,113,131,46,12
2,926,243,59,58,112,131,50,13
2,927,242,50,70,104,138,50,14
2,928,262,58,50,123,139,59,11
2,929,254,65,72,111,143,65,16
2,930,261,48,43,121,140,65,10
2,931,256,70,54,117,139,62,11
2,932,240,49,66,103,137,66,13
2,933,257,66,49,122,135,64,11
2,934,240,64,60,115,125,55,12
2,935,236,61,31,118,118,45,7
2,936,206,53,39,97,109,50,9
2,937,192,42,22,85,107,48,6
2,938,172,36,61,74,98,58,13
2,939,197,49,63,86,111,57,13
2,940,211,53,48,91,120,51,10
2,941,206,53,60,96,110,48,13
2,942,213,56,38,105,108,41,8
2,943,195,48,32,88,107,41,7
2,944,179,43,26,91,88,39,5
2,945,162,36,47,86,76,43,12
2,946,173,41,52,87,86,46,10
2,947,184,44,73,84,100,47,17
2,948,213,54,71,107,106,52,16
2,949,230,67,71,111,119,41,14
2,950,234,53,43,120,114,35,10
2,951,224,54,56,115,109,40,13
2,952,226,46,63,122,104,41,13
2,953,243,49,67,118,125,43,15
2,954,261,74,48,117,144,45,11
2,955,235,53,56,110,125,45,12
2,956,238,54,61,118,120,47,14
2,957,245,62,47,124,121,48,12
2,958,230,58,69,115,115,53,15
2,959,241,51,51,123,118,59,12
2,960,241,60,65,118,123,52,14
2,961,246,60,41,124,122,52,9
2,962,227,50,46,113,114,62,9
2,963,223,58,48,114,109,50,12
2,964,213,43,70,106,107,56,16
2,965,240,69,85,126,114,56,19
2,966,256,54,55,126,130,53,13
2,967,257,54,83,132,125,54,19
2,968,286,71,73,141,145,51,15
2,969,288,72,62,145,143,54,13
2,970,278,64,72,144,134,59,17
2,971,286,70,54,142,144,65,12
2,972,270,66,62,131,139,63,14
2,973,266,73,80,134,132,62,17
2,974,273,63,38,126,147,59,9
2,975,248,56,68,117,131,66,16
2,976,260,56,41,114,146,62,11
2,977,245,65,52,105,140,60,11
2,978,232,50,49,102,130,55,11
2,979,231,62,59,109,122,57,13
2,980,228,57,51,104,124,48,12
2,981,222,57,47,99,123,55,11
2,982,212,50,56,97,115,48,13
2,983,218,47,46,101,117,47,11
2,984,217,56,68,97,120,49,14
2,985,229,46,48,99,130,47,12
2,986,231,52,50,104,127,49,11
2,987,229,63,60,100,129,56,14
2,988,226,51,56,103,123,47,13
2,989,231,51,40,107,124,50,9
2,990,220,56,54,106,114,55,11
2,991,218,50,48,96,122,57,10
2,992,216,44,43,92,124,54,10
2,993,215,48,45,93,122,55,10
2,994,212,43,42,90,122,51,9
2,995,211,54,73,91,120,57,15
2,996,230,49,58,103,127,53,13
2,997,239,58,40,109,130,52,8
2,998,221,59,45,97,124,47,9
2,999,207,51,69,89,118,50,13
2,1000,225,58,29,98,127,45,6
2,1001,196,53,53,88,108,48,12
2,1002,196,43,35,86,110,49,8
2,1003,188,48,27,88,100,49,6
2,1004,167,42,37,82,85,44,9
2,1005,162,39,27,75,87,43,6
2,1006,150,32,37,74,76,42,8
2,1007,155,41,21,82,73,37,5
2,1008,135,31,33,65,70,35,8
2,1009,137,22,31,66,71,34,7
2,1010,146,42,19,64,82,40,5
2,1011,123,25,16,60,63,31,4
2,1012,114,21,47,56,58,36,11
2,1013,140,40,46,67,73,37,11
2,1014,146,39,34,59,87,38,8
2,1015,141,35,51,62,79,36,11
2,1016,157,42,37,76,81,32,9
2,1017,152,45,33,68,84,27,7
2,1018,140,28,17,62,78,24,4
2,1019,129,33,9,62,67,25,2
2,1020,105,19,22,53,52,30,5
2,1021,108,20,39,58,50,37,8
2,1022,127,31,42,71,56,43,10
2,1023,138,35,33,73,65,39,7
2,1024,136,40,28,73,63,35,6
2,1025,124,29,30,64,60,30,6
2,1026,125,38,25,64,61,27,6
2,1027,112,27,26,58,54,26,6
2,1028,111,27,24,56,55,25,6
2,1029,108,21,29,58,50,32,6
2,1030,116,22,20,58,58,29,5
2,1031,114,28,28,56,58,35,6
2,1032,114,33,23,58,56,32,5
2,1033,104,26,35,56,48,28,8
2,1034,113,29,22,60,53,26,5
2,1035,106,24,43,58,48,26,10
2,1036,125,40,27,55,70,27,6
2,1037,112,25,29,53,59,21,6
2,1038,116,26,27,59,57,22,6
2,1039,117,19,22,57,60,21,5
2,1040,120,27,21,59,61,25,6
2,1041,114,16,40,56,58,32,9
2,1042,138,37,35,71,67,36,8
2,1043,136,31,21,69,67,30,5
2,1044,126,35,25,69,57,26,6
2,1045,116,27,18,57,59,22,5
2,1046,107,26,27,53,54,23,5
2,1047,108,30,20,49,59,23,5
2,1048,98,23,17,48,50,28,4
2,1049,92,25,8,42,50,25,2
2,1050,75,18,22,37,38,22,5
2,1051,79,21,37,45,34,20,7
2,1052,95,16,25,50,45,18,5
2,1053,104,29,22,55,49,21,5
2,1054,97,18,22,53,44,20,5
2,1055,101,29,9,50,51,18,2
2,1056,81,24,34,37,44,20,7
2,1057,91,17,19,38,53,23,5
2,1058,93,19,23,41,52,22,5
2,1059,97,35,21,44,53,27,5
2,1060,83,18,9,32,51,20,3
2,1061,74,22,11,29,45,18,3
2,1062,63,16,10,30,33,12,2
2,1063,57,7,14,27,30,16,3
2,1064,64,8,20,32,32,21,4
2,1065,76,10,23,38,38,24,5
2,1066,89,20,25,47,42,26,7
2,1067,94,18,24,49,45,26,5
2,1068,100,32,15,51,49,20,3
2,1069,83,22,26,42,41,19,5
2,1070,87,22,9,38,49,15,2
2,1071,74,21,12,33,41,19,3
2,1072,65,15,32,30,35,22,7
2,1073,82,23,16,40,42,20,4
2,1074,75,18,14,34,41,18,4
2,1075,71,20,6,32,39,16,1
2,1076,57,9,5,25,32,11,1
2,1077,53,13,17,21,32,12,4
2,1078,57,16,18,25,32,14,4
2,1079,59,21,3,32,27,15,1
2,1080,41,8,17,24,17,13,4
2,1081,50,14,4,28,22,10,1
2,1082,40,10,0,22,18,8,0
2,1083,30,7,9,15,15,8,2
2,1084,32,9,22,18,14,10,4
2,1085,45,12,17,28,17,10,4
2,1086,50,6,8,31,19,9,2
2,1087,52,10,8,30,22,9,2
2,1088,50,19,19,26,24,7,4
2,1089,50,12,8,27,23,7,2
2,1090,46,10,17,29,17,9,4
2,1091,53,12,16,30,23,13,3
2,1092,57,20,14,29,28,12,3
2,1093,51,10,13,25,26,10,3
2,1094,54,8,24,28,26,15,5
2,1095,70,17,5,36,34,15,1
2,1096,58,12,18,29,29,15,4
2,1097,64,19,22,32,32,15,4
2,1098,67,15,8,31,36,13,2
2,1099,60,15,26,29,31,13,6
2,1100,71,20,25,33,38,14,5
2,1101,76,12,13,38,38,15,3
2,1102,77,22,18,36,41,17,4
2,1103,73,17,10,34,39,15,2
2,1104,66,22,9,29,37,14,2
2,1105,53,13,13,22,31,16,3
2,1106,53,14,14,22,31,18,3
2,1107,53,17,4,22,31,13,1
2,1108,40,9,4,16,24,9,1
2,1109,35,8,6,13,22,12,1
2,1110,33,9,12,15,18,10,3
2,1111,36,10,9,17,19,13,2
2,1112,35,6,17,17,18,14,3
2,1113,46,9,11,25,21,12,3
2,1114,48,8,4,28,20,12,1
2,1115,44,13,14,25,19,13,3
2,1116,45,9,7,18,27,9,2
2,1117,43,15,10,17,26,10,2
2,1118,38,8,6,14,24,8,1
2,1119,36,9,3,16,20,8,1
2,1120,30,6,0,14,16,7,0
2,1121,24,5,3,12,12,10,1
2,1122,22,3,13,11,11,11,3
2,1123,32,8,8,18,14,15,2
2,1124,32,6,16,15,17,13,4
2,1125,42,7,11,19,23,10,2
2,1126,46,8,3,23,23,6,1
2,1127,41,7,0,22,19,6,0
2,1128,34,9,4,17,17,8,1
2,1129,29,11,5,16,13,10,1
2,1130,23,5,11,13,10,8,2
2,1131,29,9,4,15,14,8,1
2,1132,24,8,9,15,9,7,2
2,1133,25,5,4,14,11,2,1
2,1134,24,6,3,13,11,3,1
2,1135,21,4,8,10,11,4,2
2,1136,25,6,10,15,10,6,2
2,1137,29,10,12,16,13,5,2
2,1138,31,3,0,20,11,5,0
2,1139,28,9,11,17,11,7,3
2,1140,30,7,5,16,14,6,1
2,1141,28,1,17,14,14,5,3
2,1142,44,10,8,24,20,8,2
2,1143,42,12,5,21,21,9,1
2,1144,35,5,12,19,16,8,3
2,1145,42,12,10,23,19,10,2
2,1146,40,9,4,25,15,9,1
2,1147,35,10,3,22,13,9,1
2,1148,28,5,10,18,10,9,2
2,1149,33,8,10,21,12,8,2
2,1150,35,7,15,22,13,6,4
2,1151,43,15,4,27,16,9,1
2,1152,32,4,21,20,12,5,4
2,1153,49,14,3,31,18,5,1
2,1154,38,5,15,25,13,6,3
2,1155,48,12,14,32,16,8,3
2,1156,50,12,10,30,20,8,2
2,1157,48,11,3,24,24,9,1
2,1158,40,10,18,19,21,10,5
2,1159,48,10,6,15,33,9,2
2,1160,44,8,12,14,30,12,3
2,1161,48,8,17,18,30,11,4
2,1162,57,18,17,21,36,15,4
2,1163,56,12,15,21,35,10,3
2,1164,59,12,9,27,32,10,2
2,1165,56,16,6,25,31,14,1
2,1166,46,14,6,24,22,7,1
2,1167,38,6,0,19,19,8,0
2,1168,32,10,4,15,17,9,1
2,1169,26,5,3,14,12,7,1
2,1170,24,4,23,12,12,12,5
2,1171,43,7,9,26,17,11,2
2,1172,45,7,15,29,16,11,3
2,1173,53,16,16,34,19,8,4
2,1174,53,13,8,30,23,6,2
2,1175,48,17,10,27,21,5,2
2,1176,41,9,23,19,22,7,4
2,1177,55,15,15,29,26,9,4
2,1178,55,14,14,32,23,7,3
2,1179,55,20,15,34,21,7,3
2,1180,50,11,10,26,24,7,2
2,1181,49,17,3,21,28,7,1
2,1182,35,7,9,16,19,8,2
2,1183,37,4,13,17,20,12,3
2,1184,46,10,8,21,25,12,2
2,1185,44,12,18,19,25,12,4
2,1186,50,10,5,23,27,13,1
2,1187,45,7,4,20,25,12,1
2,1188,42,11,3,23,19,15,1
2,1189,34,7,6,18,16,15,1
2,1190,33,7,15,16,17,12,3
2,1191,41,13,18,20,21,13,5
2,1192,46,14,17,26,20,11,4
2,1193,49,14,10,25,24,8,2
2,1194,45,15,0,23,22,9,0
2,1195,30,5,11,18,12,10,2
2,1196,36,6,17,19,17,12,4
2,1197,47,6,13,23,24,13,3
2,1198,54,14,22,24,30,14,4
2,1199,62,19,5,31,31,12,1
